deck	type	front	back	tags	src	key
자격증::공인중개사::민법	cloze	건물에 저당권이 설정된 후 그 건물의 종물에 대해 강제집행을 한 자는 건물 경매절차의 매수인에게 강제집행의 효력을 {{c1::주장할 수 없다 — 저당권은 설정 후 생긴 종물에도 미친다}}		공인중개사 민법 강조 T1	2026-09-21-민법-(저당권~집합건축물 등 법률 4회독).md	민법-저당권-설정후종물-강제집행자-매수인에대항X
자격증::공인중개사::민법	cloze	저당권이 설정된 토지가 공익사업을 위한 토지 등의 취득 및 보상에 관한 법률에 따라 협의취득된 경우, 저당권자는 그 보상금에 물상대위권을 {{c1::행사할 수 없다 — 협의취득은 매매와 비슷해 수용과 다르다}}	<style>.hg{--t:#1c1c1e;--m:#5f5f66;--bg:#f4f4f6;--ln:#d9d9de;--hl:#ffe9a8;--ac:#378ADD;color:var(--t);font-weight:400;text-align:left;font-size:16px;line-height:1.6;margin:8px auto 0;max-width:560px;word-break:keep-all}.nightMode .hg,.night_mode .hg{--t:#ececee;--m:#a9a9b0;--bg:#26262b;--ln:#3b3b42;--hl:#6a5410}.hg-o{--ac:#D85A30}.hg-b{--ac:#378ADD}.hg-g{--ac:#1D9E75}.hg-p{--ac:#7F77DD}.hg-a{border-left:4px solid var(--ac);background:var(--bg);border-radius:6px;padding:6px 10px;font-weight:700}.hg-f{margin:8px 0;padding:8px;border:1px solid var(--ln);border-radius:8px}.hg-w,.hg-x{font-size:14px;color:var(--m);margin-top:6px}.hg-w b,.hg-x b{margin-right:6px;font-weight:700}.hg-w b{color:var(--ac)}.hg-x b{color:#D85A30}.hg-v{display:inline-block;font-size:12px;border:1px solid var(--ln);border-radius:10px;padding:0 7px;color:var(--m);margin-top:6px}.hg-hl{background:var(--hl);border-radius:4px;padding:0 3px;font-weight:700}.hg-fl{display:flex;flex-wrap:wrap;align-items:center}.hg-fl span,.hg-fl i{margin:2px}.hg-fl .hg-e{border-style:dashed;background:none}.hg-fl span span{border:0;padding:0;margin:0;background:none}.hg-fl span{border:1px solid var(--ln);border-radius:6px;padding:2px 7px;background:var(--bg)}.hg-fl i{font-style:normal;font-size:13px;color:var(--m)}.hg-t{border-collapse:collapse;width:100%;font-size:14px}.hg-t td,.hg-t th{border:1px solid var(--ln);padding:4px 6px;vertical-align:top;text-align:left}.hg-t th{background:var(--bg);font-weight:700}.hg-tl{border-left:2px solid var(--ac);margin:2px 0 2px 6px;padding-left:10px}.hg-tl div{margin:3px 0}.hg-tl b{color:var(--ac)}.hg-q{font-weight:700;margin-bottom:4px}.hg-br div{margin:2px 0 2px 8px}.hg-tr ul{margin:2px 0 2px 14px;padding:0}.hg-tr li{margin:1px 0}.hg .cloze-inactive{font-size:0}.hg .cloze-inactive:after{content:'···';font-size:14px;color:var(--m)}</style><div class='hg hg-o'><div class=hg-w><b>왜</b> 협의취득은 협의를 했으므로 매매와 비슷하다 — 수용의 경우와 다르다</div></div>	공인중개사 민법 강조 기출직결 T1	2026-09-21-민법-(저당권~집합건축물 등 법률 4회독).md	민법-저당권-협의취득보상금-물상대위X
자격증::공인중개사::민법	cloze	일괄경매청구권은 {{c1::나대지}}에 {{c2::설정자}}가 신축하고 소유해야 발생한다		공인중개사 민법 강조 T1	2026-09-21-민법-(저당권~집합건축물 등 법률 4회독).md	민법-일괄경매청구권-발생요건-나대지설정자
자격증::공인중개사::민법	cloze	일괄경매청구권 — {{c1::건물}} 경매대가에서는 우선변제를 받을 수 없다		공인중개사 민법 강조 T1	2026-09-21-민법-(저당권~집합건축물 등 법률 4회독).md	민법-일괄경매-건물경매대가-우선변제X
자격증::공인중개사::민법	cloze	저당물의 소유권을 취득한 제3자는 그 저당물의 경매에서 경매인이 {{c1::될 수 있다 — 채무자만 아니면 다 경매인이 될 수 있다}}		공인중개사 민법 강조 T1	2026-09-21-민법-(저당권~집합건축물 등 법률 4회독).md	민법-저당권-제3취득자-경매인가능
자격증::공인중개사::민법	cloze	저당물의 경매에서 제3취득자가 필요비·유익비를 지출한 경우 → {{c1::우선변제}}를 받는 것으로 해결하지, 거기에 유치권을 행사할 수는 없다	<style>.hg{--t:#1c1c1e;--m:#5f5f66;--bg:#f4f4f6;--ln:#d9d9de;--hl:#ffe9a8;--ac:#378ADD;color:var(--t);font-weight:400;text-align:left;font-size:16px;line-height:1.6;margin:8px auto 0;max-width:560px;word-break:keep-all}.nightMode .hg,.night_mode .hg{--t:#ececee;--m:#a9a9b0;--bg:#26262b;--ln:#3b3b42;--hl:#6a5410}.hg-o{--ac:#D85A30}.hg-b{--ac:#378ADD}.hg-g{--ac:#1D9E75}.hg-p{--ac:#7F77DD}.hg-a{border-left:4px solid var(--ac);background:var(--bg);border-radius:6px;padding:6px 10px;font-weight:700}.hg-f{margin:8px 0;padding:8px;border:1px solid var(--ln);border-radius:8px}.hg-w,.hg-x{font-size:14px;color:var(--m);margin-top:6px}.hg-w b,.hg-x b{margin-right:6px;font-weight:700}.hg-w b{color:var(--ac)}.hg-x b{color:#D85A30}.hg-v{display:inline-block;font-size:12px;border:1px solid var(--ln);border-radius:10px;padding:0 7px;color:var(--m);margin-top:6px}.hg-hl{background:var(--hl);border-radius:4px;padding:0 3px;font-weight:700}.hg-fl{display:flex;flex-wrap:wrap;align-items:center}.hg-fl span,.hg-fl i{margin:2px}.hg-fl .hg-e{border-style:dashed;background:none}.hg-fl span span{border:0;padding:0;margin:0;background:none}.hg-fl span{border:1px solid var(--ln);border-radius:6px;padding:2px 7px;background:var(--bg)}.hg-fl i{font-style:normal;font-size:13px;color:var(--m)}.hg-t{border-collapse:collapse;width:100%;font-size:14px}.hg-t td,.hg-t th{border:1px solid var(--ln);padding:4px 6px;vertical-align:top;text-align:left}.hg-t th{background:var(--bg);font-weight:700}.hg-tl{border-left:2px solid var(--ac);margin:2px 0 2px 6px;padding-left:10px}.hg-tl div{margin:3px 0}.hg-tl b{color:var(--ac)}.hg-q{font-weight:700;margin-bottom:4px}.hg-br div{margin:2px 0 2px 8px}.hg-tr ul{margin:2px 0 2px 14px;padding:0}.hg-tr li{margin:1px 0}.hg .cloze-inactive{font-size:0}.hg .cloze-inactive:after{content:'···';font-size:14px;color:var(--m)}</style><div class='hg hg-o'><div class=hg-x><b>함정</b> 필요비·유익비는 원래 대표적인 유치권 사유다 — 저당물 경매에서는 유치권 X</div></div>	공인중개사 민법 강조 기출직결 T1	2026-09-21-민법-(저당권~집합건축물 등 법률 4회독).md	민법-저당권-제3취득자-필요비유익비-우선변제
자격증::공인중개사::민법	cloze	피담보채권이 확정되기 전에는 채권이 일시 소멸하더라도 근저당권은 {{c1::소멸하지 않는다 — 계속적 거래관계를 담보하기 때문}}	<style>.hg{--t:#1c1c1e;--m:#5f5f66;--bg:#f4f4f6;--ln:#d9d9de;--hl:#ffe9a8;--ac:#378ADD;color:var(--t);font-weight:400;text-align:left;font-size:16px;line-height:1.6;margin:8px auto 0;max-width:560px;word-break:keep-all}.nightMode .hg,.night_mode .hg{--t:#ececee;--m:#a9a9b0;--bg:#26262b;--ln:#3b3b42;--hl:#6a5410}.hg-o{--ac:#D85A30}.hg-b{--ac:#378ADD}.hg-g{--ac:#1D9E75}.hg-p{--ac:#7F77DD}.hg-a{border-left:4px solid var(--ac);background:var(--bg);border-radius:6px;padding:6px 10px;font-weight:700}.hg-f{margin:8px 0;padding:8px;border:1px solid var(--ln);border-radius:8px}.hg-w,.hg-x{font-size:14px;color:var(--m);margin-top:6px}.hg-w b,.hg-x b{margin-right:6px;font-weight:700}.hg-w b{color:var(--ac)}.hg-x b{color:#D85A30}.hg-v{display:inline-block;font-size:12px;border:1px solid var(--ln);border-radius:10px;padding:0 7px;color:var(--m);margin-top:6px}.hg-hl{background:var(--hl);border-radius:4px;padding:0 3px;font-weight:700}.hg-fl{display:flex;flex-wrap:wrap;align-items:center}.hg-fl span,.hg-fl i{margin:2px}.hg-fl .hg-e{border-style:dashed;background:none}.hg-fl span span{border:0;padding:0;margin:0;background:none}.hg-fl span{border:1px solid var(--ln);border-radius:6px;padding:2px 7px;background:var(--bg)}.hg-fl i{font-style:normal;font-size:13px;color:var(--m)}.hg-t{border-collapse:collapse;width:100%;font-size:14px}.hg-t td,.hg-t th{border:1px solid var(--ln);padding:4px 6px;vertical-align:top;text-align:left}.hg-t th{background:var(--bg);font-weight:700}.hg-tl{border-left:2px solid var(--ac);margin:2px 0 2px 6px;padding-left:10px}.hg-tl div{margin:3px 0}.hg-tl b{color:var(--ac)}.hg-q{font-weight:700;margin-bottom:4px}.hg-br div{margin:2px 0 2px 8px}.hg-tr ul{margin:2px 0 2px 14px;padding:0}.hg-tr li{margin:1px 0}.hg .cloze-inactive{font-size:0}.hg .cloze-inactive:after{content:'···';font-size:14px;color:var(--m)}</style><div class='hg hg-o'><div class=hg-w><b>왜</b> 계속적 거래관계를 담보하기 때문이다</div></div>	공인중개사 민법 강조 T1	2026-09-21-민법-(저당권~집합건축물 등 법률 4회독).md	민법-근저당-확정전채권일시소멸-근저당존속
자격증::공인중개사::민법	cloze	근저당권 채권최고액에 경매실행비용은 {{c1::포함하지 않는다 — 최고액과 상관없이 먼저 받는다}}		공인중개사 민법 강조 기출직결 T1	2026-09-21-민법-(저당권~집합건축물 등 법률 4회독).md	민법-근저당-채권최고액-경매실행비용불포함
자격증::공인중개사::민법	cloze	채권최고액을 변제하고 근저당권 말소를 청구할 수 있는 제3취득자에 {{c1::후순위근저당권자}}는 해당하지 않는다		공인중개사 민법 강조 T1	2026-09-21-민법-(저당권~집합건축물 등 법률 4회독).md	민법-근저당-후순위근저당권자-제3취득자아님
자격증::공인중개사::민법	cloze	근저당권 설정 후 소유자가 변경된 경우 {{c1::종전 소유자}}도 말소를 청구할 수 있다		공인중개사 민법 강조 기출직결 T1	2026-09-21-민법-(저당권~집합건축물 등 법률 4회독).md	민법-근저당-소유자변경-종전소유자도말소청구
자격증::공인중개사::민법	cloze	피담보채무의 확정 전 채무자가 변경된 경우 {{c1::변경 후의 채무자}}에 대한 채권만이 당해 근저당권에 의하여 담보된다		공인중개사 민법 강조 T1	2026-09-21-민법-(저당권~집합건축물 등 법률 4회독).md	민법-근저당-확정전채무자변경-변경후채무자채권만
자격증::공인중개사::민법	cloze	청약은 불특정 다수인에게 할 수 있으나 승낙은 반드시 {{c1::청약자}}에게 하여야 한다		공인중개사 민법 강조 T1	2026-09-21-민법-(저당권~집합건축물 등 법률 4회독).md	민법-계약성립-승낙은청약자에게
자격증::공인중개사::민법	cloze	승낙의 의사표시가 연착된 경우 — 청약자가 연착통지를 하면 계약은 {{c1::성립하지 않고}}, 연착통지를 하지 않으면 {{c1::승낙을 발송한 때}}에 성립한다	<style>.hg{--t:#1c1c1e;--m:#5f5f66;--bg:#f4f4f6;--ln:#d9d9de;--hl:#ffe9a8;--ac:#378ADD;color:var(--t);font-weight:400;text-align:left;font-size:16px;line-height:1.6;margin:8px auto 0;max-width:560px;word-break:keep-all}.nightMode .hg,.night_mode .hg{--t:#ececee;--m:#a9a9b0;--bg:#26262b;--ln:#3b3b42;--hl:#6a5410}.hg-o{--ac:#D85A30}.hg-b{--ac:#378ADD}.hg-g{--ac:#1D9E75}.hg-p{--ac:#7F77DD}.hg-a{border-left:4px solid var(--ac);background:var(--bg);border-radius:6px;padding:6px 10px;font-weight:700}.hg-f{margin:8px 0;padding:8px;border:1px solid var(--ln);border-radius:8px}.hg-w,.hg-x{font-size:14px;color:var(--m);margin-top:6px}.hg-w b,.hg-x b{margin-right:6px;font-weight:700}.hg-w b{color:var(--ac)}.hg-x b{color:#D85A30}.hg-v{display:inline-block;font-size:12px;border:1px solid var(--ln);border-radius:10px;padding:0 7px;color:var(--m);margin-top:6px}.hg-hl{background:var(--hl);border-radius:4px;padding:0 3px;font-weight:700}.hg-fl{display:flex;flex-wrap:wrap;align-items:center}.hg-fl span,.hg-fl i{margin:2px}.hg-fl .hg-e{border-style:dashed;background:none}.hg-fl span span{border:0;padding:0;margin:0;background:none}.hg-fl span{border:1px solid var(--ln);border-radius:6px;padding:2px 7px;background:var(--bg)}.hg-fl i{font-style:normal;font-size:13px;color:var(--m)}.hg-t{border-collapse:collapse;width:100%;font-size:14px}.hg-t td,.hg-t th{border:1px solid var(--ln);padding:4px 6px;vertical-align:top;text-align:left}.hg-t th{background:var(--bg);font-weight:700}.hg-tl{border-left:2px solid var(--ac);margin:2px 0 2px 6px;padding-left:10px}.hg-tl div{margin:3px 0}.hg-tl b{color:var(--ac)}.hg-q{font-weight:700;margin-bottom:4px}.hg-br div{margin:2px 0 2px 8px}.hg-tr ul{margin:2px 0 2px 14px;padding:0}.hg-tr li{margin:1px 0}.hg .cloze-inactive{font-size:0}.hg .cloze-inactive:after{content:'···';font-size:14px;color:var(--m)}</style><div class='hg hg-o'><div class=hg-a>📐 가르는 변수 = 청약자의 연착통지 유무</div><div class=hg-f><table class=hg-t><tr><th>청약자의 연착통지</th><th>계약</th></tr><tr><td>함</td><td><span class=hg-hl>성립 X</span></td></tr><tr><td>안 함</td><td><span class=hg-hl>승낙 발송 시 성립</span></td></tr></table></div></div>	공인중개사 민법 강조 기출직결 T3	2026-09-21-민법-(저당권~집합건축물 등 법률 4회독).md	민법-승낙연착-연착통지유무-성립여부
자격증::공인중개사::민법	cloze	계약체결상 과실책임이 성립하려면 상대방은 원시적 불능에 대하여 {{c1::선의·무과실}}이어야 한다		공인중개사 민법 강조 기출직결 T1	2026-09-21-민법-(저당권~집합건축물 등 법률 4회독).md	민법-계약체결상과실-상대방선의무과실
자격증::공인중개사::민법	cloze	선이행의무자가 이행을 지체하는 동안 상대방의 채무가 이행기에 도래한 경우, 특별한 사정이 없는 한 양 당사자의 의무는 {{c1::동시이행관계}}에 있다	<style>.hg{--t:#1c1c1e;--m:#5f5f66;--bg:#f4f4f6;--ln:#d9d9de;--hl:#ffe9a8;--ac:#378ADD;color:var(--t);font-weight:400;text-align:left;font-size:16px;line-height:1.6;margin:8px auto 0;max-width:560px;word-break:keep-all}.nightMode .hg,.night_mode .hg{--t:#ececee;--m:#a9a9b0;--bg:#26262b;--ln:#3b3b42;--hl:#6a5410}.hg-o{--ac:#D85A30}.hg-b{--ac:#378ADD}.hg-g{--ac:#1D9E75}.hg-p{--ac:#7F77DD}.hg-a{border-left:4px solid var(--ac);background:var(--bg);border-radius:6px;padding:6px 10px;font-weight:700}.hg-f{margin:8px 0;padding:8px;border:1px solid var(--ln);border-radius:8px}.hg-w,.hg-x{font-size:14px;color:var(--m);margin-top:6px}.hg-w b,.hg-x b{margin-right:6px;font-weight:700}.hg-w b{color:var(--ac)}.hg-x b{color:#D85A30}.hg-v{display:inline-block;font-size:12px;border:1px solid var(--ln);border-radius:10px;padding:0 7px;color:var(--m);margin-top:6px}.hg-hl{background:var(--hl);border-radius:4px;padding:0 3px;font-weight:700}.hg-fl{display:flex;flex-wrap:wrap;align-items:center}.hg-fl span,.hg-fl i{margin:2px}.hg-fl .hg-e{border-style:dashed;background:none}.hg-fl span span{border:0;padding:0;margin:0;background:none}.hg-fl span{border:1px solid var(--ln);border-radius:6px;padding:2px 7px;background:var(--bg)}.hg-fl i{font-style:normal;font-size:13px;color:var(--m)}.hg-t{border-collapse:collapse;width:100%;font-size:14px}.hg-t td,.hg-t th{border:1px solid var(--ln);padding:4px 6px;vertical-align:top;text-align:left}.hg-t th{background:var(--bg);font-weight:700}.hg-tl{border-left:2px solid var(--ac);margin:2px 0 2px 6px;padding-left:10px}.hg-tl div{margin:3px 0}.hg-tl b{color:var(--ac)}.hg-q{font-weight:700;margin-bottom:4px}.hg-br div{margin:2px 0 2px 8px}.hg-tr ul{margin:2px 0 2px 14px;padding:0}.hg-tr li{margin:1px 0}.hg .cloze-inactive{font-size:0}.hg .cloze-inactive:after{content:'···';font-size:14px;color:var(--m)}</style><div class='hg hg-o'><div class=hg-w><b>왜</b> 결국 이행기에 둘 다 도달했으므로</div></div>	공인중개사 민법 강조 T1	2026-09-21-민법-(저당권~집합건축물 등 법률 4회독).md	민법-선이행의무자지체중-상대방이행기도래-동시이행
자격증::공인중개사::민법	cloze	동시이행관계가 아닌 케이스 4 = {{c1::권리금 회수방해로 인한 손해배상 · 임차권등기명령 · 토지거래허가 · 경매 무효}}		공인중개사 민법 강조 기출직결 T4	2026-09-21-민법-(저당권~집합건축물 등 법률 4회독).md	민법-동시이행아닌케이스4-권임토경
자격증::공인중개사::민법	cloze	동시이행관계가 아닌 케이스 4개의 두문자 = {{c1::권·임·토·경}}		공인중개사 민법 강조 기출직결 T1	2026-09-21-민법-(저당권~집합건축물 등 법률 4회독).md	민법-동시이행아닌케이스4-두문자
자격증::공인중개사::민법	cloze	제3자를 위한 계약의 성립요건이 아닌 것 = {{c1::제3자의 수익의 의사표시}}		공인중개사 민법 강조 T1	2026-09-21-민법-(저당권~집합건축물 등 법률 4회독).md	민법-제3자를위한계약-수익의사표시-성립요건아님
자격증::공인중개사::민법	cloze	제3자를 위한 계약에서 제3자가 수익의 의사표시를 한 이상, 요약자와 낙약자는 {{c1::미리 유보하지 않는 이상}} 합의로 계약을 해제할 수 없다		공인중개사 민법 강조 T1	2026-09-21-민법-(저당권~집합건축물 등 법률 4회독).md	민법-제3자를위한계약-수익표시후-합의해제X
자격증::공인중개사::민법	cloze	해제권자가 수인인 경우 1인의 해제권이 소멸하면 다른 당사자의 해제권도 {{c1::소멸한다 — 해제는 전원이 해야 한다}}		공인중개사 민법 강조 T1	2026-09-21-민법-(저당권~집합건축물 등 법률 4회독).md	민법-해제권불가분성-1인소멸시전원소멸
자격증::공인중개사::민법	cloze	매매에서 매수인이 목적물을 이전받았어도 매도인이 {{c1::소유권이전등기}}를 안 해주면, 대금을 지급하지 않고 있더라도 이자를 줄 필요가 없다	<style>.hg{--t:#1c1c1e;--m:#5f5f66;--bg:#f4f4f6;--ln:#d9d9de;--hl:#ffe9a8;--ac:#378ADD;color:var(--t);font-weight:400;text-align:left;font-size:16px;line-height:1.6;margin:8px auto 0;max-width:560px;word-break:keep-all}.nightMode .hg,.night_mode .hg{--t:#ececee;--m:#a9a9b0;--bg:#26262b;--ln:#3b3b42;--hl:#6a5410}.hg-o{--ac:#D85A30}.hg-b{--ac:#378ADD}.hg-g{--ac:#1D9E75}.hg-p{--ac:#7F77DD}.hg-a{border-left:4px solid var(--ac);background:var(--bg);border-radius:6px;padding:6px 10px;font-weight:700}.hg-f{margin:8px 0;padding:8px;border:1px solid var(--ln);border-radius:8px}.hg-w,.hg-x{font-size:14px;color:var(--m);margin-top:6px}.hg-w b,.hg-x b{margin-right:6px;font-weight:700}.hg-w b{color:var(--ac)}.hg-x b{color:#D85A30}.hg-v{display:inline-block;font-size:12px;border:1px solid var(--ln);border-radius:10px;padding:0 7px;color:var(--m);margin-top:6px}.hg-hl{background:var(--hl);border-radius:4px;padding:0 3px;font-weight:700}.hg-fl{display:flex;flex-wrap:wrap;align-items:center}.hg-fl span,.hg-fl i{margin:2px}.hg-fl .hg-e{border-style:dashed;background:none}.hg-fl span span{border:0;padding:0;margin:0;background:none}.hg-fl span{border:1px solid var(--ln);border-radius:6px;padding:2px 7px;background:var(--bg)}.hg-fl i{font-style:normal;font-size:13px;color:var(--m)}.hg-t{border-collapse:collapse;width:100%;font-size:14px}.hg-t td,.hg-t th{border:1px solid var(--ln);padding:4px 6px;vertical-align:top;text-align:left}.hg-t th{background:var(--bg);font-weight:700}.hg-tl{border-left:2px solid var(--ac);margin:2px 0 2px 6px;padding-left:10px}.hg-tl div{margin:3px 0}.hg-tl b{color:var(--ac)}.hg-q{font-weight:700;margin-bottom:4px}.hg-br div{margin:2px 0 2px 8px}.hg-tr ul{margin:2px 0 2px 14px;padding:0}.hg-tr li{margin:1px 0}.hg .cloze-inactive{font-size:0}.hg .cloze-inactive:after{content:'···';font-size:14px;color:var(--m)}</style><div class='hg hg-o'><div class=hg-w><b>왜</b> 대금지급과 목적물 이전 + 소유권이전등기가 동시이행관계이므로</div></div>	공인중개사 민법 강조 T1	2026-09-21-민법-(저당권~집합건축물 등 법률 4회독).md	민법-매매대금이자-등기미이행시이자X
자격증::공인중개사::민법	cloze	전부타인권리매매에서 매도인은 선의의 매수인에 대하여 {{c1::불능 당시의 시가}}를 표준으로 {{c2::이행이익}}을 배상할 의무가 있다		공인중개사 민법 강조 T1	2026-09-21-민법-(저당권~집합건축물 등 법률 4회독).md	민법-전부타인권리매매-불능당시시가-이행이익
자격증::공인중개사::민법	cloze	경매와 담보책임 — 1차적 책임은 {{c1::채무자}}에게, 2차적 책임은 {{c1::채권자}}에게 있다	<style>.hg{--t:#1c1c1e;--m:#5f5f66;--bg:#f4f4f6;--ln:#d9d9de;--hl:#ffe9a8;--ac:#378ADD;color:var(--t);font-weight:400;text-align:left;font-size:16px;line-height:1.6;margin:8px auto 0;max-width:560px;word-break:keep-all}.nightMode .hg,.night_mode .hg{--t:#ececee;--m:#a9a9b0;--bg:#26262b;--ln:#3b3b42;--hl:#6a5410}.hg-o{--ac:#D85A30}.hg-b{--ac:#378ADD}.hg-g{--ac:#1D9E75}.hg-p{--ac:#7F77DD}.hg-a{border-left:4px solid var(--ac);background:var(--bg);border-radius:6px;padding:6px 10px;font-weight:700}.hg-f{margin:8px 0;padding:8px;border:1px solid var(--ln);border-radius:8px}.hg-w,.hg-x{font-size:14px;color:var(--m);margin-top:6px}.hg-w b,.hg-x b{margin-right:6px;font-weight:700}.hg-w b{color:var(--ac)}.hg-x b{color:#D85A30}.hg-v{display:inline-block;font-size:12px;border:1px solid var(--ln);border-radius:10px;padding:0 7px;color:var(--m);margin-top:6px}.hg-hl{background:var(--hl);border-radius:4px;padding:0 3px;font-weight:700}.hg-fl{display:flex;flex-wrap:wrap;align-items:center}.hg-fl span,.hg-fl i{margin:2px}.hg-fl .hg-e{border-style:dashed;background:none}.hg-fl span span{border:0;padding:0;margin:0;background:none}.hg-fl span{border:1px solid var(--ln);border-radius:6px;padding:2px 7px;background:var(--bg)}.hg-fl i{font-style:normal;font-size:13px;color:var(--m)}.hg-t{border-collapse:collapse;width:100%;font-size:14px}.hg-t td,.hg-t th{border:1px solid var(--ln);padding:4px 6px;vertical-align:top;text-align:left}.hg-t th{background:var(--bg);font-weight:700}.hg-tl{border-left:2px solid var(--ac);margin:2px 0 2px 6px;padding-left:10px}.hg-tl div{margin:3px 0}.hg-tl b{color:var(--ac)}.hg-q{font-weight:700;margin-bottom:4px}.hg-br div{margin:2px 0 2px 8px}.hg-tr ul{margin:2px 0 2px 14px;padding:0}.hg-tr li{margin:1px 0}.hg .cloze-inactive{font-size:0}.hg .cloze-inactive:after{content:'···';font-size:14px;color:var(--m)}</style><div class='hg hg-o'><div class=hg-a>📐 가르는 변수 = 순위(1차 / 2차)</div><div class=hg-f><table class=hg-t><tr><th>순위</th><th>책임 주체</th></tr><tr><td>1차</td><td><span class=hg-hl>채무자</span></td></tr><tr><td>2차</td><td><span class=hg-hl>채권자</span></td></tr></table></div></div>	공인중개사 민법 강조 T3	2026-09-21-민법-(저당권~집합건축물 등 법률 4회독).md	민법-경매담보책임-1차채무자2차채권자
자격증::공인중개사::민법	cloze	물건의 하자·법률상 제한에 따른 하자담보책임을 묻기 위해서는 매수인이 {{c1::선의·무과실}}이어야 한다		공인중개사 민법 강조 기출직결 T1	2026-09-21-민법-(저당권~집합건축물 등 법률 4회독).md	민법-하자담보책임-매수인선의무과실
자격증::공인중개사::민법	cloze	제척기간이 없는 담보책임 2 = {{c1::전부타인권리매매(제570조) · 저당권·전세권 행사로 인한 소유권 상실(제576조)}}	<style>.hg{--t:#1c1c1e;--m:#5f5f66;--bg:#f4f4f6;--ln:#d9d9de;--hl:#ffe9a8;--ac:#378ADD;color:var(--t);font-weight:400;text-align:left;font-size:16px;line-height:1.6;margin:8px auto 0;max-width:560px;word-break:keep-all}.nightMode .hg,.night_mode .hg{--t:#ececee;--m:#a9a9b0;--bg:#26262b;--ln:#3b3b42;--hl:#6a5410}.hg-o{--ac:#D85A30}.hg-b{--ac:#378ADD}.hg-g{--ac:#1D9E75}.hg-p{--ac:#7F77DD}.hg-a{border-left:4px solid var(--ac);background:var(--bg);border-radius:6px;padding:6px 10px;font-weight:700}.hg-f{margin:8px 0;padding:8px;border:1px solid var(--ln);border-radius:8px}.hg-w,.hg-x{font-size:14px;color:var(--m);margin-top:6px}.hg-w b,.hg-x b{margin-right:6px;font-weight:700}.hg-w b{color:var(--ac)}.hg-x b{color:#D85A30}.hg-v{display:inline-block;font-size:12px;border:1px solid var(--ln);border-radius:10px;padding:0 7px;color:var(--m);margin-top:6px}.hg-hl{background:var(--hl);border-radius:4px;padding:0 3px;font-weight:700}.hg-fl{display:flex;flex-wrap:wrap;align-items:center}.hg-fl span,.hg-fl i{margin:2px}.hg-fl .hg-e{border-style:dashed;background:none}.hg-fl span span{border:0;padding:0;margin:0;background:none}.hg-fl span{border:1px solid var(--ln);border-radius:6px;padding:2px 7px;background:var(--bg)}.hg-fl i{font-style:normal;font-size:13px;color:var(--m)}.hg-t{border-collapse:collapse;width:100%;font-size:14px}.hg-t td,.hg-t th{border:1px solid var(--ln);padding:4px 6px;vertical-align:top;text-align:left}.hg-t th{background:var(--bg);font-weight:700}.hg-tl{border-left:2px solid var(--ac);margin:2px 0 2px 6px;padding-left:10px}.hg-tl div{margin:3px 0}.hg-tl b{color:var(--ac)}.hg-q{font-weight:700;margin-bottom:4px}.hg-br div{margin:2px 0 2px 8px}.hg-tr ul{margin:2px 0 2px 14px;padding:0}.hg-tr li{margin:1px 0}.hg .cloze-inactive{font-size:0}.hg .cloze-inactive:after{content:'···';font-size:14px;color:var(--m)}</style><div class='hg hg-o'><div class=hg-f><table class=hg-t><tr><th>두문자</th><th>제척기간 없는 담보책임</th></tr><tr><td><span class=hg-hl>전</span></td><td>전부타인권리매매(제570조) — 하나도 이전되지 않은 것</td></tr><tr><td><span class=hg-hl>저</span></td><td>저당권·전세권 행사로 인한 소유권 상실(제576조)</td></tr></table></div><div class=hg-w><b>기억</b> 두문자 '전·저'</div><div class=hg-x><b>함정</b> 소멸시효는 별도 적용</div></div>	공인중개사 민법 강조 기출직결 T4	2026-09-21-민법-(저당권~집합건축물 등 법률 4회독).md	민법-담보책임-제척기간없는2-전저
자격증::공인중개사::민법	cloze	당사자가 예약완결권을 행사할 수 있는 시작 시기를 특별히 약정한 경우에도 10년의 제척기간은 {{c1::당초 권리의 발생일}}부터 진행한다		공인중개사 민법 강조 T1	2026-09-21-민법-(저당권~집합건축물 등 법률 4회독).md	민법-예약완결권-제척기간기산-당초발생일
자격증::공인중개사::민법	cloze	임대차 종료 시 임차인의 모든 채무는 보증금에서 {{c1::당연히 공제}}되는 반면, 임대차 종료 전 연체차임의 공제는 {{c1::임대인의 선택}}에 따른다	<style>.hg{--t:#1c1c1e;--m:#5f5f66;--bg:#f4f4f6;--ln:#d9d9de;--hl:#ffe9a8;--ac:#378ADD;color:var(--t);font-weight:400;text-align:left;font-size:16px;line-height:1.6;margin:8px auto 0;max-width:560px;word-break:keep-all}.nightMode .hg,.night_mode .hg{--t:#ececee;--m:#a9a9b0;--bg:#26262b;--ln:#3b3b42;--hl:#6a5410}.hg-o{--ac:#D85A30}.hg-b{--ac:#378ADD}.hg-g{--ac:#1D9E75}.hg-p{--ac:#7F77DD}.hg-a{border-left:4px solid var(--ac);background:var(--bg);border-radius:6px;padding:6px 10px;font-weight:700}.hg-f{margin:8px 0;padding:8px;border:1px solid var(--ln);border-radius:8px}.hg-w,.hg-x{font-size:14px;color:var(--m);margin-top:6px}.hg-w b,.hg-x b{margin-right:6px;font-weight:700}.hg-w b{color:var(--ac)}.hg-x b{color:#D85A30}.hg-v{display:inline-block;font-size:12px;border:1px solid var(--ln);border-radius:10px;padding:0 7px;color:var(--m);margin-top:6px}.hg-hl{background:var(--hl);border-radius:4px;padding:0 3px;font-weight:700}.hg-fl{display:flex;flex-wrap:wrap;align-items:center}.hg-fl span,.hg-fl i{margin:2px}.hg-fl .hg-e{border-style:dashed;background:none}.hg-fl span span{border:0;padding:0;margin:0;background:none}.hg-fl span{border:1px solid var(--ln);border-radius:6px;padding:2px 7px;background:var(--bg)}.hg-fl i{font-style:normal;font-size:13px;color:var(--m)}.hg-t{border-collapse:collapse;width:100%;font-size:14px}.hg-t td,.hg-t th{border:1px solid var(--ln);padding:4px 6px;vertical-align:top;text-align:left}.hg-t th{background:var(--bg);font-weight:700}.hg-tl{border-left:2px solid var(--ac);margin:2px 0 2px 6px;padding-left:10px}.hg-tl div{margin:3px 0}.hg-tl b{color:var(--ac)}.hg-q{font-weight:700;margin-bottom:4px}.hg-br div{margin:2px 0 2px 8px}.hg-tr ul{margin:2px 0 2px 14px;padding:0}.hg-tr li{margin:1px 0}.hg .cloze-inactive{font-size:0}.hg .cloze-inactive:after{content:'···';font-size:14px;color:var(--m)}</style><div class='hg hg-o'><div class=hg-a>📐 가르는 변수 = 시점(종료 시 / 종료 전)</div><div class=hg-f><table class=hg-t><tr><th>시점</th><th>보증금 공제</th></tr><tr><td>임대차 종료 시</td><td><span class=hg-hl>당연히 공제</span></td></tr><tr><td>임대차 종료 전(연체차임)</td><td><span class=hg-hl>임대인의 선택</span></td></tr></table></div></div>	공인중개사 민법 강조 T3	2026-09-21-민법-(저당권~집합건축물 등 법률 4회독).md	민법-보증금공제-종료시당연-종료전임대인선택
자격증::공인중개사::민법	cloze	임대차의 비용상환청구권은 {{c1::임의규정}}이다		공인중개사 민법 강조 기출직결 T1	2026-09-21-민법-(저당권~집합건축물 등 법률 4회독).md	민법-비용상환청구권-임의규정
자격증::공인중개사::민법	cloze	부속물매수청구권의 대상이 되지 않는 것 2 = {{c1::임차목적물의 구성부분 · 임차인의 특수목적에 사용하기 위해 부속된 것}}	<style>.hg{--t:#1c1c1e;--m:#5f5f66;--bg:#f4f4f6;--ln:#d9d9de;--hl:#ffe9a8;--ac:#378ADD;color:var(--t);font-weight:400;text-align:left;font-size:16px;line-height:1.6;margin:8px auto 0;max-width:560px;word-break:keep-all}.nightMode .hg,.night_mode .hg{--t:#ececee;--m:#a9a9b0;--bg:#26262b;--ln:#3b3b42;--hl:#6a5410}.hg-o{--ac:#D85A30}.hg-b{--ac:#378ADD}.hg-g{--ac:#1D9E75}.hg-p{--ac:#7F77DD}.hg-a{border-left:4px solid var(--ac);background:var(--bg);border-radius:6px;padding:6px 10px;font-weight:700}.hg-f{margin:8px 0;padding:8px;border:1px solid var(--ln);border-radius:8px}.hg-w,.hg-x{font-size:14px;color:var(--m);margin-top:6px}.hg-w b,.hg-x b{margin-right:6px;font-weight:700}.hg-w b{color:var(--ac)}.hg-x b{color:#D85A30}.hg-v{display:inline-block;font-size:12px;border:1px solid var(--ln);border-radius:10px;padding:0 7px;color:var(--m);margin-top:6px}.hg-hl{background:var(--hl);border-radius:4px;padding:0 3px;font-weight:700}.hg-fl{display:flex;flex-wrap:wrap;align-items:center}.hg-fl span,.hg-fl i{margin:2px}.hg-fl .hg-e{border-style:dashed;background:none}.hg-fl span span{border:0;padding:0;margin:0;background:none}.hg-fl span{border:1px solid var(--ln);border-radius:6px;padding:2px 7px;background:var(--bg)}.hg-fl i{font-style:normal;font-size:13px;color:var(--m)}.hg-t{border-collapse:collapse;width:100%;font-size:14px}.hg-t td,.hg-t th{border:1px solid var(--ln);padding:4px 6px;vertical-align:top;text-align:left}.hg-t th{background:var(--bg);font-weight:700}.hg-tl{border-left:2px solid var(--ac);margin:2px 0 2px 6px;padding-left:10px}.hg-tl div{margin:3px 0}.hg-tl b{color:var(--ac)}.hg-q{font-weight:700;margin-bottom:4px}.hg-br div{margin:2px 0 2px 8px}.hg-tr ul{margin:2px 0 2px 14px;padding:0}.hg-tr li{margin:1px 0}.hg .cloze-inactive{font-size:0}.hg .cloze-inactive:after{content:'···';font-size:14px;color:var(--m)}</style><div class='hg hg-o'><div class=hg-f><div class=hg-tr><ul><li>부속물매수청구권 객체 X<ul><li><span class=hg-hl>임차목적물의 구성부분</span></li><li><span class=hg-hl>임차인의 특수목적을 위해 부속된 것</span></li></ul></li></ul></div></div></div>	공인중개사 민법 강조 기출직결 T4	2026-09-21-민법-(저당권~집합건축물 등 법률 4회독).md	민법-부속물매수청구-대상아닌것2
자격증::공인중개사::민법	cloze	부속물매수청구권과 달리 지상물매수청구권은 기간 약정이 없는 경우가 아니면 {{c1::갱신청구를 먼저 하고 거절되었을 때}} 매수청구를 해야 한다		공인중개사 민법 강조 기출직결 T1	2026-09-21-민법-(저당권~집합건축물 등 법률 4회독).md	민법-지상물매수청구-갱신청구선행
자격증::공인중개사::민법	cloze	지상물매수청구 — 지상물은 임대인의 허락이나 효용이 아니라 그저 {{c1::현존}}하기만 하면 된다 (부속물과 다르다)		공인중개사 민법 강조 기출직결 T1	2026-09-21-민법-(저당권~집합건축물 등 법률 4회독).md	민법-지상물매수청구-현존만하면됨
자격증::공인중개사::민법	cloze	지상물매수청구의 매매대금은 {{c1::매수청구 당시 시가}}로 하며, 법원도 이를 마음대로 증감할 수 없다		공인중개사 민법 강조 기출직결 T1	2026-09-21-민법-(저당권~집합건축물 등 법률 4회독).md	민법-지상물매수청구-대금-청구당시시가
자격증::공인중개사::민법	cloze	건물을 소유하고 있다면 토지를 이용한 것으로 보아 {{c1::부당이득반환의무}}가 있다		공인중개사 민법 강조 T1	2026-09-21-민법-(저당권~집합건축물 등 법률 4회독).md	민법-건물소유-토지이용-부당이득반환의무
자격증::공인중개사::민법	cloze	건물을 위한 토지 임차권을 설정하고 건물 신축 후 {{c1::보존등기}}를 한 경우, 토지 소유자가 바뀌고 임대차가 종료되었더라도 건물 매수청구를 할 수 있다		공인중개사 민법 강조 기출직결 T1	2026-09-21-민법-(저당권~집합건축물 등 법률 4회독).md	민법-토지임차권-건물보존등기-소유자변경후매수청구
자격증::공인중개사::민법	cloze	기간을 정하지 않은 임대차가 임대인의 해지통고로 종료된 경우, 그 사유를 전차인에게 통지하지 않으면 해지로 전차인에게 {{c1::대항할 수 없으나(준비시간을 줘야 한다는 취지)}}, 차임연체를 이유로 종료했다면 {{c1::대항할 수 있다}}	<style>.hg{--t:#1c1c1e;--m:#5f5f66;--bg:#f4f4f6;--ln:#d9d9de;--hl:#ffe9a8;--ac:#378ADD;color:var(--t);font-weight:400;text-align:left;font-size:16px;line-height:1.6;margin:8px auto 0;max-width:560px;word-break:keep-all}.nightMode .hg,.night_mode .hg{--t:#ececee;--m:#a9a9b0;--bg:#26262b;--ln:#3b3b42;--hl:#6a5410}.hg-o{--ac:#D85A30}.hg-b{--ac:#378ADD}.hg-g{--ac:#1D9E75}.hg-p{--ac:#7F77DD}.hg-a{border-left:4px solid var(--ac);background:var(--bg);border-radius:6px;padding:6px 10px;font-weight:700}.hg-f{margin:8px 0;padding:8px;border:1px solid var(--ln);border-radius:8px}.hg-w,.hg-x{font-size:14px;color:var(--m);margin-top:6px}.hg-w b,.hg-x b{margin-right:6px;font-weight:700}.hg-w b{color:var(--ac)}.hg-x b{color:#D85A30}.hg-v{display:inline-block;font-size:12px;border:1px solid var(--ln);border-radius:10px;padding:0 7px;color:var(--m);margin-top:6px}.hg-hl{background:var(--hl);border-radius:4px;padding:0 3px;font-weight:700}.hg-fl{display:flex;flex-wrap:wrap;align-items:center}.hg-fl span,.hg-fl i{margin:2px}.hg-fl .hg-e{border-style:dashed;background:none}.hg-fl span span{border:0;padding:0;margin:0;background:none}.hg-fl span{border:1px solid var(--ln);border-radius:6px;padding:2px 7px;background:var(--bg)}.hg-fl i{font-style:normal;font-size:13px;color:var(--m)}.hg-t{border-collapse:collapse;width:100%;font-size:14px}.hg-t td,.hg-t th{border:1px solid var(--ln);padding:4px 6px;vertical-align:top;text-align:left}.hg-t th{background:var(--bg);font-weight:700}.hg-tl{border-left:2px solid var(--ac);margin:2px 0 2px 6px;padding-left:10px}.hg-tl div{margin:3px 0}.hg-tl b{color:var(--ac)}.hg-q{font-weight:700;margin-bottom:4px}.hg-br div{margin:2px 0 2px 8px}.hg-tr ul{margin:2px 0 2px 14px;padding:0}.hg-tr li{margin:1px 0}.hg .cloze-inactive{font-size:0}.hg .cloze-inactive:after{content:'···';font-size:14px;color:var(--m)}</style><div class='hg hg-o'><div class=hg-a>📐 가르는 변수 = 종료 사유(해지통고 / 차임연체)</div><div class=hg-f><table class=hg-t><tr><th>임대차 종료 사유</th><th>전차인에게 대항</th></tr><tr><td>해지통고(전차인에게 통지 X)</td><td><span class=hg-hl>대항 X</span></td></tr><tr><td>차임연체</td><td><span class=hg-hl>대항 O</span></td></tr></table></div></div>	공인중개사 민법 강조 T3	2026-09-21-민법-(저당권~집합건축물 등 법률 4회독).md	민법-전대차-해지통고vs차임연체-전차인대항
자격증::공인중개사::민법	cloze	임대인의 동의를 얻어 주택이 전대된 경우, 주민등록은 {{c1::전차인}} 앞으로 해야 임차인이 대항력을 취득한다	<style>.hg{--t:#1c1c1e;--m:#5f5f66;--bg:#f4f4f6;--ln:#d9d9de;--hl:#ffe9a8;--ac:#378ADD;color:var(--t);font-weight:400;text-align:left;font-size:16px;line-height:1.6;margin:8px auto 0;max-width:560px;word-break:keep-all}.nightMode .hg,.night_mode .hg{--t:#ececee;--m:#a9a9b0;--bg:#26262b;--ln:#3b3b42;--hl:#6a5410}.hg-o{--ac:#D85A30}.hg-b{--ac:#378ADD}.hg-g{--ac:#1D9E75}.hg-p{--ac:#7F77DD}.hg-a{border-left:4px solid var(--ac);background:var(--bg);border-radius:6px;padding:6px 10px;font-weight:700}.hg-f{margin:8px 0;padding:8px;border:1px solid var(--ln);border-radius:8px}.hg-w,.hg-x{font-size:14px;color:var(--m);margin-top:6px}.hg-w b,.hg-x b{margin-right:6px;font-weight:700}.hg-w b{color:var(--ac)}.hg-x b{color:#D85A30}.hg-v{display:inline-block;font-size:12px;border:1px solid var(--ln);border-radius:10px;padding:0 7px;color:var(--m);margin-top:6px}.hg-hl{background:var(--hl);border-radius:4px;padding:0 3px;font-weight:700}.hg-fl{display:flex;flex-wrap:wrap;align-items:center}.hg-fl span,.hg-fl i{margin:2px}.hg-fl .hg-e{border-style:dashed;background:none}.hg-fl span span{border:0;padding:0;margin:0;background:none}.hg-fl span{border:1px solid var(--ln);border-radius:6px;padding:2px 7px;background:var(--bg)}.hg-fl i{font-style:normal;font-size:13px;color:var(--m)}.hg-t{border-collapse:collapse;width:100%;font-size:14px}.hg-t td,.hg-t th{border:1px solid var(--ln);padding:4px 6px;vertical-align:top;text-align:left}.hg-t th{background:var(--bg);font-weight:700}.hg-tl{border-left:2px solid var(--ac);margin:2px 0 2px 6px;padding-left:10px}.hg-tl div{margin:3px 0}.hg-tl b{color:var(--ac)}.hg-q{font-weight:700;margin-bottom:4px}.hg-br div{margin:2px 0 2px 8px}.hg-tr ul{margin:2px 0 2px 14px;padding:0}.hg-tr li{margin:1px 0}.hg .cloze-inactive{font-size:0}.hg .cloze-inactive:after{content:'···';font-size:14px;color:var(--m)}</style><div class='hg hg-o'><div class=hg-x><b>함정</b> 임차인 명의로 주민등록을 하면 임차인은 대항력을 취득하지 못한다</div></div>	공인중개사 민법 강조 기출직결 T1	2026-09-21-민법-(저당권~집합건축물 등 법률 4회독).md	민법-주택전대-주민등록-전차인명의
자격증::공인중개사::민법	cloze	확정일자를 갖춘 임대차계약서에 {{c1::아파트의 명칭과 동·호수}}의 기재를 누락했더라도 우선변제권은 인정될 수 있다		공인중개사 민법 강조 T1	2026-09-21-민법-(저당권~집합건축물 등 법률 4회독).md	민법-확정일자계약서-동호수누락-우선변제권인정
자격증::공인중개사::민법	cloze	가등기담보 실행통지에서 상대방이 채무자 등 여러 명이면 {{c1::그 모두}}에 대하여 실행통지를 하여야 통지로서의 효력이 발생한다		공인중개사 민법 강조 T1	2026-09-21-민법-(저당권~집합건축물 등 법률 4회독).md	가담법-실행통지-여러명이면전원
자격증::공인중개사::민법	cloze	채권자가 담보목적 부동산의 소유권을 취득하기 위해서는 가등기담보권의 실행통지가 상대방에게 도달한 날로부터 {{c1::2개월}}이 지났어야 한다		공인중개사 민법 강조 T1	2026-09-21-민법-(저당권~집합건축물 등 법률 4회독).md	가담법-소유권취득-통지도달후2개월
자격증::공인중개사::민법	cloze	청산절차를 위반한 본등기가 무효라도, 선의의 제3자가 그 부동산의 소유권을 취득하면 본등기는 {{c1::그 등기를 마친 시점으로 소급}}하여 확정적으로 유효하게 된다		공인중개사 민법 강조 기출직결 T1	2026-09-21-민법-(저당권~집합건축물 등 법률 4회독).md	가담법-청산절차위반본등기-선의제3자-소급유효
자격증::공인중개사::민법	cloze	가등기담보에서 후순위저당권자는 청산기간 내 {{c1::변제기 도래 전}}에 경매청구가 가능하다		공인중개사 민법 강조 T1	2026-09-21-민법-(저당권~집합건축물 등 법률 4회독).md	가담법-후순위저당권자-청산기간내경매청구
자격증::공인중개사::민법	cloze	채무자의 청산금에 관한 권리의 양도로 {{c1::후순위권리자}}에게 대항할 수 없다		공인중개사 민법 강조 T1	2026-09-21-민법-(저당권~집합건축물 등 법률 4회독).md	가담법-청산금권리양도-후순위권리자대항X
자격증::공인중개사::민법	cloze	청산절차 종료 후 본등기 전이면 소유권은 취득하지 못하지만 {{c1::과실수취권}}은 취득한다		공인중개사 민법 강조 T1	2026-09-21-민법-(저당권~집합건축물 등 법률 4회독).md	가담법-청산종료후본등기전-과실수취권O
자격증::공인중개사::민법	cloze	명의신탁 종교단체 특례 — 조세포탈 목적 없이 종교단체 명의로 한 것은 {{c1::유효}}, 종교단체장 명의로 한 것은 {{c1::무효}}	<style>.hg{--t:#1c1c1e;--m:#5f5f66;--bg:#f4f4f6;--ln:#d9d9de;--hl:#ffe9a8;--ac:#378ADD;color:var(--t);font-weight:400;text-align:left;font-size:16px;line-height:1.6;margin:8px auto 0;max-width:560px;word-break:keep-all}.nightMode .hg,.night_mode .hg{--t:#ececee;--m:#a9a9b0;--bg:#26262b;--ln:#3b3b42;--hl:#6a5410}.hg-o{--ac:#D85A30}.hg-b{--ac:#378ADD}.hg-g{--ac:#1D9E75}.hg-p{--ac:#7F77DD}.hg-a{border-left:4px solid var(--ac);background:var(--bg);border-radius:6px;padding:6px 10px;font-weight:700}.hg-f{margin:8px 0;padding:8px;border:1px solid var(--ln);border-radius:8px}.hg-w,.hg-x{font-size:14px;color:var(--m);margin-top:6px}.hg-w b,.hg-x b{margin-right:6px;font-weight:700}.hg-w b{color:var(--ac)}.hg-x b{color:#D85A30}.hg-v{display:inline-block;font-size:12px;border:1px solid var(--ln);border-radius:10px;padding:0 7px;color:var(--m);margin-top:6px}.hg-hl{background:var(--hl);border-radius:4px;padding:0 3px;font-weight:700}.hg-fl{display:flex;flex-wrap:wrap;align-items:center}.hg-fl span,.hg-fl i{margin:2px}.hg-fl .hg-e{border-style:dashed;background:none}.hg-fl span span{border:0;padding:0;margin:0;background:none}.hg-fl span{border:1px solid var(--ln);border-radius:6px;padding:2px 7px;background:var(--bg)}.hg-fl i{font-style:normal;font-size:13px;color:var(--m)}.hg-t{border-collapse:collapse;width:100%;font-size:14px}.hg-t td,.hg-t th{border:1px solid var(--ln);padding:4px 6px;vertical-align:top;text-align:left}.hg-t th{background:var(--bg);font-weight:700}.hg-tl{border-left:2px solid var(--ac);margin:2px 0 2px 6px;padding-left:10px}.hg-tl div{margin:3px 0}.hg-tl b{color:var(--ac)}.hg-q{font-weight:700;margin-bottom:4px}.hg-br div{margin:2px 0 2px 8px}.hg-tr ul{margin:2px 0 2px 14px;padding:0}.hg-tr li{margin:1px 0}.hg .cloze-inactive{font-size:0}.hg .cloze-inactive:after{content:'···';font-size:14px;color:var(--m)}</style><div class='hg hg-o'><div class=hg-a>📐 가르는 변수 = 명의가 단체인가 단체장인가</div><div class=hg-f><table class=hg-t><tr><th>명의</th><th>명의신탁</th></tr><tr><td>종교단체(조세포탈 목적 X)</td><td><span class=hg-hl>유효</span></td></tr><tr><td>종교단체장</td><td><span class=hg-hl>무효</span></td></tr></table></div></div>	공인중개사 민법 강조 기출직결 T3	2026-09-21-민법-(저당권~집합건축물 등 법률 4회독).md	명의신탁-종교단체명의유효-단체장명의무효
자격증::공인중개사::민법	cloze	계약명의자가 명의수탁자로 되어 있더라도 계약당사자를 명의신탁자로 볼 수 있다면 이는 {{c1::3자간 등기명의신탁}}에 해당한다		공인중개사 민법 강조 기출직결 T1	2026-09-21-민법-(저당권~집합건축물 등 법률 4회독).md	명의신탁-계약명의자수탁자-당사자신탁자면3자간
자격증::공인중개사::민법	cloze	전유부분과 대지사용권은 {{c1::규약}}으로 달리 정하지 않는 한 분리처분이 안 된다		공인중개사 민법 강조 T1	2026-09-21-민법-(저당권~집합건축물 등 법률 4회독).md	집합건물법-전유부분대지사용권-규약으로만분리
자격증::공인중개사::민법	cloze	전유부분의 공유자는 관리단집회에서 의결권을 행사할 자 {{c1::1인}}을 반드시 정해야 한다		공인중개사 민법 강조 T1	2026-09-21-민법-(저당권~집합건축물 등 법률 4회독).md	집합건물법-전유부분공유자-의결권행사자1인
자격증::공인중개사::민법	cloze	재건축결의는 구분소유자 및 의결권의 각 {{c1::5분의 4}} 이상의 결의에 의하며, 콘도미니엄의 재건축 결의는 {{c2::3분의 2}} 이상에 따른다		공인중개사 민법 강조 T1	2026-09-21-민법-(저당권~집합건축물 등 법률 4회독).md	집합건물법-재건축결의-5분의4-콘도3분의2
자격증::공인중개사::부동산공법	cloze	준다중이용건축물 = 바닥면적 합계가 {{c1::1,000㎡}} 이상인 건축물 (동물원·식물원·업수근씨 제외)		공인중개사 부동산공법 강조 기출직결 T1	2026-09-22-부동산공법-(건축법~농지법 4회독).md	건축법-준다중이용건축물-1000㎡
자격증::공인중개사::부동산공법	cloze	특수구조건축물 = 보·차양이 {{c1::3m}} 이상 돌출되거나, 기둥과 기둥 사이의 거리가 {{c2::20m}} 이상인 건축물		공인중개사 부동산공법 강조 T1	2026-09-22-부동산공법-(건축법~농지법 4회독).md	건축법-특수구조건축물-3m20m
자격증::공인중개사::부동산공법	cloze	건축물 지상층에 일반인이나 차량이 통행할 수 있는 보행통로·차량통로는 {{c1::건축면적}}에 산입하지 않는다		공인중개사 부동산공법 강조 T1	2026-09-22-부동산공법-(건축법~농지법 4회독).md	건축법-지상층통로-건축면적불산입
자격증::공인중개사::부동산공법	cloze	건축법 전면적 적용대상지역(모든 규정 적용) 3 = {{c1::도시지역 · 비도시지역의 지구단위계획구역 · 동 또는 읍}}	<style>.hg{--t:#1c1c1e;--m:#5f5f66;--bg:#f4f4f6;--ln:#d9d9de;--hl:#ffe9a8;--ac:#378ADD;color:var(--t);font-weight:400;text-align:left;font-size:16px;line-height:1.6;margin:8px auto 0;max-width:560px;word-break:keep-all}.nightMode .hg,.night_mode .hg{--t:#ececee;--m:#a9a9b0;--bg:#26262b;--ln:#3b3b42;--hl:#6a5410}.hg-o{--ac:#D85A30}.hg-b{--ac:#378ADD}.hg-g{--ac:#1D9E75}.hg-p{--ac:#7F77DD}.hg-a{border-left:4px solid var(--ac);background:var(--bg);border-radius:6px;padding:6px 10px;font-weight:700}.hg-f{margin:8px 0;padding:8px;border:1px solid var(--ln);border-radius:8px}.hg-w,.hg-x{font-size:14px;color:var(--m);margin-top:6px}.hg-w b,.hg-x b{margin-right:6px;font-weight:700}.hg-w b{color:var(--ac)}.hg-x b{color:#D85A30}.hg-v{display:inline-block;font-size:12px;border:1px solid var(--ln);border-radius:10px;padding:0 7px;color:var(--m);margin-top:6px}.hg-hl{background:var(--hl);border-radius:4px;padding:0 3px;font-weight:700}.hg-fl{display:flex;flex-wrap:wrap;align-items:center}.hg-fl span,.hg-fl i{margin:2px}.hg-fl .hg-e{border-style:dashed;background:none}.hg-fl span span{border:0;padding:0;margin:0;background:none}.hg-fl span{border:1px solid var(--ln);border-radius:6px;padding:2px 7px;background:var(--bg)}.hg-fl i{font-style:normal;font-size:13px;color:var(--m)}.hg-t{border-collapse:collapse;width:100%;font-size:14px}.hg-t td,.hg-t th{border:1px solid var(--ln);padding:4px 6px;vertical-align:top;text-align:left}.hg-t th{background:var(--bg);font-weight:700}.hg-tl{border-left:2px solid var(--ac);margin:2px 0 2px 6px;padding-left:10px}.hg-tl div{margin:3px 0}.hg-tl b{color:var(--ac)}.hg-q{font-weight:700;margin-bottom:4px}.hg-br div{margin:2px 0 2px 8px}.hg-tr ul{margin:2px 0 2px 14px;padding:0}.hg-tr li{margin:1px 0}.hg .cloze-inactive{font-size:0}.hg .cloze-inactive:after{content:'···';font-size:14px;color:var(--m)}</style><div class='hg hg-b'><div class=hg-f><div class=hg-tr><ul><li>전면적 적용대상지역<ul><li><span class=hg-hl>도시지역</span></li><li><span class=hg-hl>비도시지역의 지구단위계획구역</span></li><li><span class=hg-hl>동 또는 읍</span></li></ul></li></ul></div></div></div>	공인중개사 부동산공법 강조 기출직결 T4	2026-09-22-부동산공법-(건축법~농지법 4회독).md	건축법-전면적적용대상지역3
자격증::공인중개사::부동산공법	cloze	전면적 적용대상지역 외의 지역에서 적용하지 않는 건축법 규정 = {{c1::도로 관련 2 · 건축선 관련 2 · 방화지구 · 분할제한}}	<style>.hg{--t:#1c1c1e;--m:#5f5f66;--bg:#f4f4f6;--ln:#d9d9de;--hl:#ffe9a8;--ac:#378ADD;color:var(--t);font-weight:400;text-align:left;font-size:16px;line-height:1.6;margin:8px auto 0;max-width:560px;word-break:keep-all}.nightMode .hg,.night_mode .hg{--t:#ececee;--m:#a9a9b0;--bg:#26262b;--ln:#3b3b42;--hl:#6a5410}.hg-o{--ac:#D85A30}.hg-b{--ac:#378ADD}.hg-g{--ac:#1D9E75}.hg-p{--ac:#7F77DD}.hg-a{border-left:4px solid var(--ac);background:var(--bg);border-radius:6px;padding:6px 10px;font-weight:700}.hg-f{margin:8px 0;padding:8px;border:1px solid var(--ln);border-radius:8px}.hg-w,.hg-x{font-size:14px;color:var(--m);margin-top:6px}.hg-w b,.hg-x b{margin-right:6px;font-weight:700}.hg-w b{color:var(--ac)}.hg-x b{color:#D85A30}.hg-v{display:inline-block;font-size:12px;border:1px solid var(--ln);border-radius:10px;padding:0 7px;color:var(--m);margin-top:6px}.hg-hl{background:var(--hl);border-radius:4px;padding:0 3px;font-weight:700}.hg-fl{display:flex;flex-wrap:wrap;align-items:center}.hg-fl span,.hg-fl i{margin:2px}.hg-fl .hg-e{border-style:dashed;background:none}.hg-fl span span{border:0;padding:0;margin:0;background:none}.hg-fl span{border:1px solid var(--ln);border-radius:6px;padding:2px 7px;background:var(--bg)}.hg-fl i{font-style:normal;font-size:13px;color:var(--m)}.hg-t{border-collapse:collapse;width:100%;font-size:14px}.hg-t td,.hg-t th{border:1px solid var(--ln);padding:4px 6px;vertical-align:top;text-align:left}.hg-t th{background:var(--bg);font-weight:700}.hg-tl{border-left:2px solid var(--ac);margin:2px 0 2px 6px;padding-left:10px}.hg-tl div{margin:3px 0}.hg-tl b{color:var(--ac)}.hg-q{font-weight:700;margin-bottom:4px}.hg-br div{margin:2px 0 2px 8px}.hg-tr ul{margin:2px 0 2px 14px;padding:0}.hg-tr li{margin:1px 0}.hg .cloze-inactive{font-size:0}.hg .cloze-inactive:after{content:'···';font-size:14px;color:var(--m)}</style><div class='hg hg-b'><div class=hg-f><div class=hg-tr><ul><li>적용 안 하는 규정<ul><li><span class=hg-hl>도로 관련 2</span><ul><li>대지와 도로의 관계</li><li>도로의 지정·폐지·변경</li></ul></li><li><span class=hg-hl>건축선 관련 2</span><ul><li>건축선 지정</li><li>건축선에 따른 건축제한</li></ul></li><li><span class=hg-hl>방화지구</span></li><li><span class=hg-hl>분할제한</span></li></ul></li></ul></div></div></div>	공인중개사 부동산공법 강조 기출직결 T4	2026-09-22-부동산공법-(건축법~농지법 4회독).md	건축법-적용대상지역외-미적용규정
자격증::공인중개사::부동산공법	cloze	대수선에 해당하는 부위 5 = {{c1::내력벽 · 기둥·보·지붕틀 · 방화벽/방화구획 바닥·벽 · 주계단·피난계단·특별피난계단 · 다가구·다세대주택의 경계벽}}	<style>.hg{--t:#1c1c1e;--m:#5f5f66;--bg:#f4f4f6;--ln:#d9d9de;--hl:#ffe9a8;--ac:#378ADD;color:var(--t);font-weight:400;text-align:left;font-size:16px;line-height:1.6;margin:8px auto 0;max-width:560px;word-break:keep-all}.nightMode .hg,.night_mode .hg{--t:#ececee;--m:#a9a9b0;--bg:#26262b;--ln:#3b3b42;--hl:#6a5410}.hg-o{--ac:#D85A30}.hg-b{--ac:#378ADD}.hg-g{--ac:#1D9E75}.hg-p{--ac:#7F77DD}.hg-a{border-left:4px solid var(--ac);background:var(--bg);border-radius:6px;padding:6px 10px;font-weight:700}.hg-f{margin:8px 0;padding:8px;border:1px solid var(--ln);border-radius:8px}.hg-w,.hg-x{font-size:14px;color:var(--m);margin-top:6px}.hg-w b,.hg-x b{margin-right:6px;font-weight:700}.hg-w b{color:var(--ac)}.hg-x b{color:#D85A30}.hg-v{display:inline-block;font-size:12px;border:1px solid var(--ln);border-radius:10px;padding:0 7px;color:var(--m);margin-top:6px}.hg-hl{background:var(--hl);border-radius:4px;padding:0 3px;font-weight:700}.hg-fl{display:flex;flex-wrap:wrap;align-items:center}.hg-fl span,.hg-fl i{margin:2px}.hg-fl .hg-e{border-style:dashed;background:none}.hg-fl span span{border:0;padding:0;margin:0;background:none}.hg-fl span{border:1px solid var(--ln);border-radius:6px;padding:2px 7px;background:var(--bg)}.hg-fl i{font-style:normal;font-size:13px;color:var(--m)}.hg-t{border-collapse:collapse;width:100%;font-size:14px}.hg-t td,.hg-t th{border:1px solid var(--ln);padding:4px 6px;vertical-align:top;text-align:left}.hg-t th{background:var(--bg);font-weight:700}.hg-tl{border-left:2px solid var(--ac);margin:2px 0 2px 6px;padding-left:10px}.hg-tl div{margin:3px 0}.hg-tl b{color:var(--ac)}.hg-q{font-weight:700;margin-bottom:4px}.hg-br div{margin:2px 0 2px 8px}.hg-tr ul{margin:2px 0 2px 14px;padding:0}.hg-tr li{margin:1px 0}.hg .cloze-inactive{font-size:0}.hg .cloze-inactive:after{content:'···';font-size:14px;color:var(--m)}</style><div class='hg hg-b'><div class=hg-f><div class=hg-tr><ul><li>대수선(증설·해체·수선·변경)<ul><li><span class=hg-hl>내력벽</span></li><li><span class=hg-hl>기둥·보·지붕틀</span></li><li><span class=hg-hl>방화벽, 방화구획 바닥·벽</span></li><li><span class=hg-hl>주계단·피난계단·특별피난계단</span></li><li><span class=hg-hl>다가구·다세대 경계벽</span></li></ul></li></ul></div></div><div class=hg-w><b>기억</b> 사람 목숨 관련은 숫자 X</div></div>	공인중개사 부동산공법 강조 기출직결 T4	2026-09-22-부동산공법-(건축법~농지법 4회독).md	건축법-대수선-부위5
자격증::공인중개사::부동산공법	cloze	대수선 수치 — 내력벽은 벽면적 {{c1::30㎡}} 이상 수선·변경, 기둥·보·지붕틀은 {{c2::3개}} 이상 수선·변경		공인중개사 부동산공법 강조 기출직결 T1	2026-09-22-부동산공법-(건축법~농지법 4회독).md	건축법-대수선-30㎡3개
자격증::공인중개사::부동산공법	cloze	용도변경 허가·신고의 상대 = {{c1::특별자치시장·특별자치도지사·시장·군수·구청장}} (특별시장·광역시장 X)		공인중개사 부동산공법 강조 T1	2026-09-22-부동산공법-(건축법~농지법 4회독).md	건축법-용도변경-허가권자
자격증::공인중개사::부동산공법	cloze	자산전문영교근주기 — 같은 시설군 안에서의 용도변경 → {{c1::허가·신고 없이 건축물대장 기재변경 신청}} / 같은 호 안에서의 용도변경 → {{c1::기재변경 신청도 안 해도 된다}}	<style>.hg{--t:#1c1c1e;--m:#5f5f66;--bg:#f4f4f6;--ln:#d9d9de;--hl:#ffe9a8;--ac:#378ADD;color:var(--t);font-weight:400;text-align:left;font-size:16px;line-height:1.6;margin:8px auto 0;max-width:560px;word-break:keep-all}.nightMode .hg,.night_mode .hg{--t:#ececee;--m:#a9a9b0;--bg:#26262b;--ln:#3b3b42;--hl:#6a5410}.hg-o{--ac:#D85A30}.hg-b{--ac:#378ADD}.hg-g{--ac:#1D9E75}.hg-p{--ac:#7F77DD}.hg-a{border-left:4px solid var(--ac);background:var(--bg);border-radius:6px;padding:6px 10px;font-weight:700}.hg-f{margin:8px 0;padding:8px;border:1px solid var(--ln);border-radius:8px}.hg-w,.hg-x{font-size:14px;color:var(--m);margin-top:6px}.hg-w b,.hg-x b{margin-right:6px;font-weight:700}.hg-w b{color:var(--ac)}.hg-x b{color:#D85A30}.hg-v{display:inline-block;font-size:12px;border:1px solid var(--ln);border-radius:10px;padding:0 7px;color:var(--m);margin-top:6px}.hg-hl{background:var(--hl);border-radius:4px;padding:0 3px;font-weight:700}.hg-fl{display:flex;flex-wrap:wrap;align-items:center}.hg-fl span,.hg-fl i{margin:2px}.hg-fl .hg-e{border-style:dashed;background:none}.hg-fl span span{border:0;padding:0;margin:0;background:none}.hg-fl span{border:1px solid var(--ln);border-radius:6px;padding:2px 7px;background:var(--bg)}.hg-fl i{font-style:normal;font-size:13px;color:var(--m)}.hg-t{border-collapse:collapse;width:100%;font-size:14px}.hg-t td,.hg-t th{border:1px solid var(--ln);padding:4px 6px;vertical-align:top;text-align:left}.hg-t th{background:var(--bg);font-weight:700}.hg-tl{border-left:2px solid var(--ac);margin:2px 0 2px 6px;padding-left:10px}.hg-tl div{margin:3px 0}.hg-tl b{color:var(--ac)}.hg-q{font-weight:700;margin-bottom:4px}.hg-br div{margin:2px 0 2px 8px}.hg-tr ul{margin:2px 0 2px 14px;padding:0}.hg-tr li{margin:1px 0}.hg .cloze-inactive{font-size:0}.hg .cloze-inactive:after{content:'···';font-size:14px;color:var(--m)}</style><div class='hg hg-b'><div class=hg-a>📐 가르는 변수 = 같은 시설군인가, 같은 호인가</div><div class=hg-f><table class=hg-t><tr><th>용도변경 범위</th><th>절차</th></tr><tr><td>같은 시설군 안</td><td><span class=hg-hl>기재변경 신청(허가·신고 X)</span></td></tr><tr><td>같은 호 안</td><td><span class=hg-hl>기재변경 신청도 X</span></td></tr></table></div></div>	공인중개사 부동산공법 강조 기출직결 T3	2026-09-22-부동산공법-(건축법~농지법 4회독).md	건축법-용도변경-같은시설군vs같은호
자격증::공인중개사::부동산공법	cloze	용도변경 중 허가·신고 대상 + {{c1::100㎡}} 이상 → 사용승인 대상 / 허가 대상 + {{c2::500㎡}} 이상 → 건축설계 대상		공인중개사 부동산공법 강조 기출직결 T1	2026-09-22-부동산공법-(건축법~농지법 4회독).md	건축법-용도변경-사용승인100-건축설계500
자격증::공인중개사::부동산공법	cloze	도지사 사전승인 대상 — 자연환경·수질보호 구역 + {{c1::3층 이상이거나 연면적 합계 1,000㎡ 이상}} + 위숙이전화번호공일일(위락·숙박·공동주택·일반음식점·일반업무시설)		공인중개사 부동산공법 강조 기출직결 T1	2026-09-22-부동산공법-(건축법~농지법 4회독).md	건축법-도지사사전승인-자연환경수질-3층1000
자격증::공인중개사::부동산공법	cloze	도지사 사전승인 — 주거환경·교육환경 구역이면 {{c1::위락시설과 숙박시설}}만 대상이다	<style>.hg{--t:#1c1c1e;--m:#5f5f66;--bg:#f4f4f6;--ln:#d9d9de;--hl:#ffe9a8;--ac:#378ADD;color:var(--t);font-weight:400;text-align:left;font-size:16px;line-height:1.6;margin:8px auto 0;max-width:560px;word-break:keep-all}.nightMode .hg,.night_mode .hg{--t:#ececee;--m:#a9a9b0;--bg:#26262b;--ln:#3b3b42;--hl:#6a5410}.hg-o{--ac:#D85A30}.hg-b{--ac:#378ADD}.hg-g{--ac:#1D9E75}.hg-p{--ac:#7F77DD}.hg-a{border-left:4px solid var(--ac);background:var(--bg);border-radius:6px;padding:6px 10px;font-weight:700}.hg-f{margin:8px 0;padding:8px;border:1px solid var(--ln);border-radius:8px}.hg-w,.hg-x{font-size:14px;color:var(--m);margin-top:6px}.hg-w b,.hg-x b{margin-right:6px;font-weight:700}.hg-w b{color:var(--ac)}.hg-x b{color:#D85A30}.hg-v{display:inline-block;font-size:12px;border:1px solid var(--ln);border-radius:10px;padding:0 7px;color:var(--m);margin-top:6px}.hg-hl{background:var(--hl);border-radius:4px;padding:0 3px;font-weight:700}.hg-fl{display:flex;flex-wrap:wrap;align-items:center}.hg-fl span,.hg-fl i{margin:2px}.hg-fl .hg-e{border-style:dashed;background:none}.hg-fl span span{border:0;padding:0;margin:0;background:none}.hg-fl span{border:1px solid var(--ln);border-radius:6px;padding:2px 7px;background:var(--bg)}.hg-fl i{font-style:normal;font-size:13px;color:var(--m)}.hg-t{border-collapse:collapse;width:100%;font-size:14px}.hg-t td,.hg-t th{border:1px solid var(--ln);padding:4px 6px;vertical-align:top;text-align:left}.hg-t th{background:var(--bg);font-weight:700}.hg-tl{border-left:2px solid var(--ac);margin:2px 0 2px 6px;padding-left:10px}.hg-tl div{margin:3px 0}.hg-tl b{color:var(--ac)}.hg-q{font-weight:700;margin-bottom:4px}.hg-br div{margin:2px 0 2px 8px}.hg-tr ul{margin:2px 0 2px 14px;padding:0}.hg-tr li{margin:1px 0}.hg .cloze-inactive{font-size:0}.hg .cloze-inactive:after{content:'···';font-size:14px;color:var(--m)}</style><div class='hg hg-b'><div class=hg-w><b>기억</b> 위숙이는 교주</div></div>	공인중개사 부동산공법 강조 기출직결 T1	2026-09-22-부동산공법-(건축법~농지법 4회독).md	건축법-도지사사전승인-주거교육-위숙만
자격증::공인중개사::부동산공법	cloze	건축신고 대상 5 = {{c1::85㎡ 이내 증축·개축·재축 · 200㎡ 미만+3층 미만 대수선 · 100㎡ 이하 건축 · 높이 3m 이내 증축 · 2층 이하+500㎡ 이하 공장}}	<style>.hg{--t:#1c1c1e;--m:#5f5f66;--bg:#f4f4f6;--ln:#d9d9de;--hl:#ffe9a8;--ac:#378ADD;color:var(--t);font-weight:400;text-align:left;font-size:16px;line-height:1.6;margin:8px auto 0;max-width:560px;word-break:keep-all}.nightMode .hg,.night_mode .hg{--t:#ececee;--m:#a9a9b0;--bg:#26262b;--ln:#3b3b42;--hl:#6a5410}.hg-o{--ac:#D85A30}.hg-b{--ac:#378ADD}.hg-g{--ac:#1D9E75}.hg-p{--ac:#7F77DD}.hg-a{border-left:4px solid var(--ac);background:var(--bg);border-radius:6px;padding:6px 10px;font-weight:700}.hg-f{margin:8px 0;padding:8px;border:1px solid var(--ln);border-radius:8px}.hg-w,.hg-x{font-size:14px;color:var(--m);margin-top:6px}.hg-w b,.hg-x b{margin-right:6px;font-weight:700}.hg-w b{color:var(--ac)}.hg-x b{color:#D85A30}.hg-v{display:inline-block;font-size:12px;border:1px solid var(--ln);border-radius:10px;padding:0 7px;color:var(--m);margin-top:6px}.hg-hl{background:var(--hl);border-radius:4px;padding:0 3px;font-weight:700}.hg-fl{display:flex;flex-wrap:wrap;align-items:center}.hg-fl span,.hg-fl i{margin:2px}.hg-fl .hg-e{border-style:dashed;background:none}.hg-fl span span{border:0;padding:0;margin:0;background:none}.hg-fl span{border:1px solid var(--ln);border-radius:6px;padding:2px 7px;background:var(--bg)}.hg-fl i{font-style:normal;font-size:13px;color:var(--m)}.hg-t{border-collapse:collapse;width:100%;font-size:14px}.hg-t td,.hg-t th{border:1px solid var(--ln);padding:4px 6px;vertical-align:top;text-align:left}.hg-t th{background:var(--bg);font-weight:700}.hg-tl{border-left:2px solid var(--ac);margin:2px 0 2px 6px;padding-left:10px}.hg-tl div{margin:3px 0}.hg-tl b{color:var(--ac)}.hg-q{font-weight:700;margin-bottom:4px}.hg-br div{margin:2px 0 2px 8px}.hg-tr ul{margin:2px 0 2px 14px;padding:0}.hg-tr li{margin:1px 0}.hg .cloze-inactive{font-size:0}.hg .cloze-inactive:after{content:'···';font-size:14px;color:var(--m)}</style><div class='hg hg-b'><div class=hg-f><div class=hg-tr><ul><li>건축신고 대상<ul><li><span class=hg-hl>바닥면적 합계 85㎡ 이내의 증축·개축·재축</span></li><li><span class=hg-hl>연면적 200㎡ 미만 + 3층 미만 건축물의 대수선</span></li><li><span class=hg-hl>연면적 합계 100㎡ 이하 건축물의 건축</span></li><li><span class=hg-hl>높이 3m 이내의 증축</span></li><li><span class=hg-hl>2층 이하 + 500㎡ 이하인 공장</span></li></ul></li></ul></div></div></div>	공인중개사 부동산공법 강조 기출직결 T4	2026-09-22-부동산공법-(건축법~농지법 4회독).md	건축법-건축신고대상5
자격증::공인중개사::부동산공법	cloze	안전영향평가 대상 = 초고층건축물, 연면적 {{c1::10만㎡}} 이상 + {{c2::16층}} 이상인 건축물		공인중개사 부동산공법 강조 기출직결 T1	2026-09-22-부동산공법-(건축법~농지법 4회독).md	건축법-안전영향평가-10만16층
자격증::공인중개사::부동산공법	cloze	공개공지 설치대상 = {{c1::일준상준}} + {{c2::5,000㎡}} 이상 + 문판매업종운(문화·종교·판매·운수·업무·숙박)	<style>.hg{--t:#1c1c1e;--m:#5f5f66;--bg:#f4f4f6;--ln:#d9d9de;--hl:#ffe9a8;--ac:#378ADD;color:var(--t);font-weight:400;text-align:left;font-size:16px;line-height:1.6;margin:8px auto 0;max-width:560px;word-break:keep-all}.nightMode .hg,.night_mode .hg{--t:#ececee;--m:#a9a9b0;--bg:#26262b;--ln:#3b3b42;--hl:#6a5410}.hg-o{--ac:#D85A30}.hg-b{--ac:#378ADD}.hg-g{--ac:#1D9E75}.hg-p{--ac:#7F77DD}.hg-a{border-left:4px solid var(--ac);background:var(--bg);border-radius:6px;padding:6px 10px;font-weight:700}.hg-f{margin:8px 0;padding:8px;border:1px solid var(--ln);border-radius:8px}.hg-w,.hg-x{font-size:14px;color:var(--m);margin-top:6px}.hg-w b,.hg-x b{margin-right:6px;font-weight:700}.hg-w b{color:var(--ac)}.hg-x b{color:#D85A30}.hg-v{display:inline-block;font-size:12px;border:1px solid var(--ln);border-radius:10px;padding:0 7px;color:var(--m);margin-top:6px}.hg-hl{background:var(--hl);border-radius:4px;padding:0 3px;font-weight:700}.hg-fl{display:flex;flex-wrap:wrap;align-items:center}.hg-fl span,.hg-fl i{margin:2px}.hg-fl .hg-e{border-style:dashed;background:none}.hg-fl span span{border:0;padding:0;margin:0;background:none}.hg-fl span{border:1px solid var(--ln);border-radius:6px;padding:2px 7px;background:var(--bg)}.hg-fl i{font-style:normal;font-size:13px;color:var(--m)}.hg-t{border-collapse:collapse;width:100%;font-size:14px}.hg-t td,.hg-t th{border:1px solid var(--ln);padding:4px 6px;vertical-align:top;text-align:left}.hg-t th{background:var(--bg);font-weight:700}.hg-tl{border-left:2px solid var(--ac);margin:2px 0 2px 6px;padding-left:10px}.hg-tl div{margin:3px 0}.hg-tl b{color:var(--ac)}.hg-q{font-weight:700;margin-bottom:4px}.hg-br div{margin:2px 0 2px 8px}.hg-tr ul{margin:2px 0 2px 14px;padding:0}.hg-tr li{margin:1px 0}.hg .cloze-inactive{font-size:0}.hg .cloze-inactive:after{content:'···';font-size:14px;color:var(--m)}</style><div class='hg hg-b'><div class=hg-w><b>기억</b> 문판매업종운 고개를 숙여야 한다</div></div>	공인중개사 부동산공법 강조 T1	2026-09-22-부동산공법-(건축법~농지법 4회독).md	건축법-공개공지-설치대상
자격증::공인중개사::부동산공법	cloze	공개공지를 설치하면 용적률과 건축물의 높이제한을 {{c1::1.2배}} 완화해 준다		공인중개사 부동산공법 강조 T1	2026-09-22-부동산공법-(건축법~농지법 4회독).md	건축법-공개공지-1.2배완화
자격증::공인중개사::부동산공법	cloze	공개공지에서는 연간 {{c1::60일}} 이내의 기간 동안 주민들을 위한 문화행사나 판촉활동을 할 수 있다		공인중개사 부동산공법 강조 T1	2026-09-22-부동산공법-(건축법~농지법 4회독).md	건축법-공개공지-연간60일행사
자격증::공인중개사::부동산공법	cloze	시장·군수·구청장이 4m 이하의 건축선을 따로 지정할 수 있는 것은 {{c1::도시지역}}에서만이다		공인중개사 부동산공법 강조 T1	2026-09-22-부동산공법-(건축법~농지법 4회독).md	건축법-건축선별도지정-도시지역만
자격증::공인중개사::부동산공법	cloze	피난안전구역 — 초고층건축물은 {{c1::30개층}}마다 1개소 이상 / 준초고층건축물은 전체 층수의 {{c2::2분의 1}}에 해당하는 층으로부터 상하 {{c3::5개층}} 이내에 1개소 이상		공인중개사 부동산공법 강조 T1	2026-09-22-부동산공법-(건축법~농지법 4회독).md	건축법-피난안전구역-30개층-2분의1-5개층
자격증::공인중개사::부동산공법	cloze	소음방지 — 층간바닥 설치대상에만 있는 것 = {{c1::오피스텔}} / 경계벽 설치대상에만 있는 것 = {{c1::산후조리원·노인시설}}	<style>.hg{--t:#1c1c1e;--m:#5f5f66;--bg:#f4f4f6;--ln:#d9d9de;--hl:#ffe9a8;--ac:#378ADD;color:var(--t);font-weight:400;text-align:left;font-size:16px;line-height:1.6;margin:8px auto 0;max-width:560px;word-break:keep-all}.nightMode .hg,.night_mode .hg{--t:#ececee;--m:#a9a9b0;--bg:#26262b;--ln:#3b3b42;--hl:#6a5410}.hg-o{--ac:#D85A30}.hg-b{--ac:#378ADD}.hg-g{--ac:#1D9E75}.hg-p{--ac:#7F77DD}.hg-a{border-left:4px solid var(--ac);background:var(--bg);border-radius:6px;padding:6px 10px;font-weight:700}.hg-f{margin:8px 0;padding:8px;border:1px solid var(--ln);border-radius:8px}.hg-w,.hg-x{font-size:14px;color:var(--m);margin-top:6px}.hg-w b,.hg-x b{margin-right:6px;font-weight:700}.hg-w b{color:var(--ac)}.hg-x b{color:#D85A30}.hg-v{display:inline-block;font-size:12px;border:1px solid var(--ln);border-radius:10px;padding:0 7px;color:var(--m);margin-top:6px}.hg-hl{background:var(--hl);border-radius:4px;padding:0 3px;font-weight:700}.hg-fl{display:flex;flex-wrap:wrap;align-items:center}.hg-fl span,.hg-fl i{margin:2px}.hg-fl .hg-e{border-style:dashed;background:none}.hg-fl span span{border:0;padding:0;margin:0;background:none}.hg-fl span{border:1px solid var(--ln);border-radius:6px;padding:2px 7px;background:var(--bg)}.hg-fl i{font-style:normal;font-size:13px;color:var(--m)}.hg-t{border-collapse:collapse;width:100%;font-size:14px}.hg-t td,.hg-t th{border:1px solid var(--ln);padding:4px 6px;vertical-align:top;text-align:left}.hg-t th{background:var(--bg);font-weight:700}.hg-tl{border-left:2px solid var(--ac);margin:2px 0 2px 6px;padding-left:10px}.hg-tl div{margin:3px 0}.hg-tl b{color:var(--ac)}.hg-q{font-weight:700;margin-bottom:4px}.hg-br div{margin:2px 0 2px 8px}.hg-tr ul{margin:2px 0 2px 14px;padding:0}.hg-tr li{margin:1px 0}.hg .cloze-inactive{font-size:0}.hg .cloze-inactive:after{content:'···';font-size:14px;color:var(--m)}</style><div class='hg hg-b'><div class=hg-a>📐 가르는 변수 = 층간바닥인가 경계벽인가</div><div class=hg-f><table class=hg-t><tr><th>설치대상</th><th>여기에만 있는 것</th></tr><tr><td>층간바닥</td><td><span class=hg-hl>오피스텔</span></td></tr><tr><td>경계벽</td><td><span class=hg-hl>산후조리원·노인시설</span></td></tr></table></div></div>	공인중개사 부동산공법 강조 기출직결 T3	2026-09-22-부동산공법-(건축법~농지법 4회독).md	건축법-소음방지-층간바닥vs경계벽
자격증::공인중개사::부동산공법	cloze	범죄예방기준에 따라 건축할 필요가 없는 건축물 = {{c1::기숙사 · 동식물원 · 연구소 · 도서관}}	<style>.hg{--t:#1c1c1e;--m:#5f5f66;--bg:#f4f4f6;--ln:#d9d9de;--hl:#ffe9a8;--ac:#378ADD;color:var(--t);font-weight:400;text-align:left;font-size:16px;line-height:1.6;margin:8px auto 0;max-width:560px;word-break:keep-all}.nightMode .hg,.night_mode .hg{--t:#ececee;--m:#a9a9b0;--bg:#26262b;--ln:#3b3b42;--hl:#6a5410}.hg-o{--ac:#D85A30}.hg-b{--ac:#378ADD}.hg-g{--ac:#1D9E75}.hg-p{--ac:#7F77DD}.hg-a{border-left:4px solid var(--ac);background:var(--bg);border-radius:6px;padding:6px 10px;font-weight:700}.hg-f{margin:8px 0;padding:8px;border:1px solid var(--ln);border-radius:8px}.hg-w,.hg-x{font-size:14px;color:var(--m);margin-top:6px}.hg-w b,.hg-x b{margin-right:6px;font-weight:700}.hg-w b{color:var(--ac)}.hg-x b{color:#D85A30}.hg-v{display:inline-block;font-size:12px;border:1px solid var(--ln);border-radius:10px;padding:0 7px;color:var(--m);margin-top:6px}.hg-hl{background:var(--hl);border-radius:4px;padding:0 3px;font-weight:700}.hg-fl{display:flex;flex-wrap:wrap;align-items:center}.hg-fl span,.hg-fl i{margin:2px}.hg-fl .hg-e{border-style:dashed;background:none}.hg-fl span span{border:0;padding:0;margin:0;background:none}.hg-fl span{border:1px solid var(--ln);border-radius:6px;padding:2px 7px;background:var(--bg)}.hg-fl i{font-style:normal;font-size:13px;color:var(--m)}.hg-t{border-collapse:collapse;width:100%;font-size:14px}.hg-t td,.hg-t th{border:1px solid var(--ln);padding:4px 6px;vertical-align:top;text-align:left}.hg-t th{background:var(--bg);font-weight:700}.hg-tl{border-left:2px solid var(--ac);margin:2px 0 2px 6px;padding-left:10px}.hg-tl div{margin:3px 0}.hg-tl b{color:var(--ac)}.hg-q{font-weight:700;margin-bottom:4px}.hg-br div{margin:2px 0 2px 8px}.hg-tr ul{margin:2px 0 2px 14px;padding:0}.hg-tr li{margin:1px 0}.hg .cloze-inactive{font-size:0}.hg .cloze-inactive:after{content:'···';font-size:14px;color:var(--m)}</style><div class='hg hg-b'><div class=hg-f><div class=hg-tr><ul><li>범죄예방기준 적용 X<ul><li><span class=hg-hl>기숙사</span></li><li><span class=hg-hl>동식물원</span></li><li><span class=hg-hl>연구소</span></li><li><span class=hg-hl>도서관</span></li></ul></li></ul></div></div></div>	공인중개사 부동산공법 강조 T4	2026-09-22-부동산공법-(건축법~농지법 4회독).md	건축법-범죄예방기준-제외4
자격증::공인중개사::부동산공법	cloze	같은 가로구역에서 허가권자가 {{c1::지방건축위원회의 심의}}를 거쳐 건축물의 높이를 다르게 정할 수 있다		공인중개사 부동산공법 강조 T1	2026-09-22-부동산공법-(건축법~농지법 4회독).md	건축법-가로구역높이-지방건축위심의
자격증::공인중개사::부동산공법	cloze	가로구역별 건축물 높이를 특별시나 광역시의 조례로 정할 수 있는 자 = {{c1::특별시장과 광역시장}}만		공인중개사 부동산공법 강조 T1	2026-09-22-부동산공법-(건축법~농지법 4회독).md	건축법-가로구역높이-조례-특별시장광역시장
자격증::공인중개사::부동산공법	cloze	특별건축구역 적용 배제 사항 4 = {{c1::건폐율·용적률 · 건축물의 높이제한 · 대지의 조경 · 대지 안의 공지}}	<style>.hg{--t:#1c1c1e;--m:#5f5f66;--bg:#f4f4f6;--ln:#d9d9de;--hl:#ffe9a8;--ac:#378ADD;color:var(--t);font-weight:400;text-align:left;font-size:16px;line-height:1.6;margin:8px auto 0;max-width:560px;word-break:keep-all}.nightMode .hg,.night_mode .hg{--t:#ececee;--m:#a9a9b0;--bg:#26262b;--ln:#3b3b42;--hl:#6a5410}.hg-o{--ac:#D85A30}.hg-b{--ac:#378ADD}.hg-g{--ac:#1D9E75}.hg-p{--ac:#7F77DD}.hg-a{border-left:4px solid var(--ac);background:var(--bg);border-radius:6px;padding:6px 10px;font-weight:700}.hg-f{margin:8px 0;padding:8px;border:1px solid var(--ln);border-radius:8px}.hg-w,.hg-x{font-size:14px;color:var(--m);margin-top:6px}.hg-w b,.hg-x b{margin-right:6px;font-weight:700}.hg-w b{color:var(--ac)}.hg-x b{color:#D85A30}.hg-v{display:inline-block;font-size:12px;border:1px solid var(--ln);border-radius:10px;padding:0 7px;color:var(--m);margin-top:6px}.hg-hl{background:var(--hl);border-radius:4px;padding:0 3px;font-weight:700}.hg-fl{display:flex;flex-wrap:wrap;align-items:center}.hg-fl span,.hg-fl i{margin:2px}.hg-fl .hg-e{border-style:dashed;background:none}.hg-fl span span{border:0;padding:0;margin:0;background:none}.hg-fl span{border:1px solid var(--ln);border-radius:6px;padding:2px 7px;background:var(--bg)}.hg-fl i{font-style:normal;font-size:13px;color:var(--m)}.hg-t{border-collapse:collapse;width:100%;font-size:14px}.hg-t td,.hg-t th{border:1px solid var(--ln);padding:4px 6px;vertical-align:top;text-align:left}.hg-t th{background:var(--bg);font-weight:700}.hg-tl{border-left:2px solid var(--ac);margin:2px 0 2px 6px;padding-left:10px}.hg-tl div{margin:3px 0}.hg-tl b{color:var(--ac)}.hg-q{font-weight:700;margin-bottom:4px}.hg-br div{margin:2px 0 2px 8px}.hg-tr ul{margin:2px 0 2px 14px;padding:0}.hg-tr li{margin:1px 0}.hg .cloze-inactive{font-size:0}.hg .cloze-inactive:after{content:'···';font-size:14px;color:var(--m)}</style><div class='hg hg-b'><div class=hg-f><div class=hg-tr><ul><li>특별건축구역 적용 배제<ul><li><span class=hg-hl>건폐율·용적률</span></li><li><span class=hg-hl>건축물의 높이제한</span></li><li><span class=hg-hl>대지의 조경</span></li><li><span class=hg-hl>대지 안의 공지</span></li></ul></li></ul></div></div></div>	공인중개사 부동산공법 강조 기출직결 T4	2026-09-22-부동산공법-(건축법~농지법 4회독).md	건축법-특별건축구역-배제4
자격증::공인중개사::부동산공법	cloze	특별건축구역 통합적용 대상의 두문자 = {{c1::공주미}}		공인중개사 부동산공법 강조 기출직결 T1	2026-09-22-부동산공법-(건축법~농지법 4회독).md	건축법-특별건축구역-통합적용-공주미
자격증::공인중개사::부동산공법	cloze	개발제한구역·자연공원·접도구역·보전산지는 특별건축구역으로 지정할 수 없고, 지정했다고 {{c1::용도지역·용도지구·용도구역}}이 의제되지는 않는다		공인중개사 부동산공법 강조 T1	2026-09-22-부동산공법-(건축법~농지법 4회독).md	건축법-특별건축구역-용도지역의제X
자격증::공인중개사::부동산공법	cloze	건축협정구역에서 완화적용 대상은 {{c1::특별건축구역에서 배제된 사항}}과 같다		공인중개사 부동산공법 강조 T1	2026-09-22-부동산공법-(건축법~농지법 4회독).md	건축법-건축협정구역-완화대상
자격증::공인중개사::부동산공법	cloze	단지형 연립·단지형 다세대 — 1종이면 주택층 {{c1::5개층}}까지, 1종이 아니면 {{c1::6개층}}까지 건축 가능	<style>.hg{--t:#1c1c1e;--m:#5f5f66;--bg:#f4f4f6;--ln:#d9d9de;--hl:#ffe9a8;--ac:#378ADD;color:var(--t);font-weight:400;text-align:left;font-size:16px;line-height:1.6;margin:8px auto 0;max-width:560px;word-break:keep-all}.nightMode .hg,.night_mode .hg{--t:#ececee;--m:#a9a9b0;--bg:#26262b;--ln:#3b3b42;--hl:#6a5410}.hg-o{--ac:#D85A30}.hg-b{--ac:#378ADD}.hg-g{--ac:#1D9E75}.hg-p{--ac:#7F77DD}.hg-a{border-left:4px solid var(--ac);background:var(--bg);border-radius:6px;padding:6px 10px;font-weight:700}.hg-f{margin:8px 0;padding:8px;border:1px solid var(--ln);border-radius:8px}.hg-w,.hg-x{font-size:14px;color:var(--m);margin-top:6px}.hg-w b,.hg-x b{margin-right:6px;font-weight:700}.hg-w b{color:var(--ac)}.hg-x b{color:#D85A30}.hg-v{display:inline-block;font-size:12px;border:1px solid var(--ln);border-radius:10px;padding:0 7px;color:var(--m);margin-top:6px}.hg-hl{background:var(--hl);border-radius:4px;padding:0 3px;font-weight:700}.hg-fl{display:flex;flex-wrap:wrap;align-items:center}.hg-fl span,.hg-fl i{margin:2px}.hg-fl .hg-e{border-style:dashed;background:none}.hg-fl span span{border:0;padding:0;margin:0;background:none}.hg-fl span{border:1px solid var(--ln);border-radius:6px;padding:2px 7px;background:var(--bg)}.hg-fl i{font-style:normal;font-size:13px;color:var(--m)}.hg-t{border-collapse:collapse;width:100%;font-size:14px}.hg-t td,.hg-t th{border:1px solid var(--ln);padding:4px 6px;vertical-align:top;text-align:left}.hg-t th{background:var(--bg);font-weight:700}.hg-tl{border-left:2px solid var(--ac);margin:2px 0 2px 6px;padding-left:10px}.hg-tl div{margin:3px 0}.hg-tl b{color:var(--ac)}.hg-q{font-weight:700;margin-bottom:4px}.hg-br div{margin:2px 0 2px 8px}.hg-tr ul{margin:2px 0 2px 14px;padding:0}.hg-tr li{margin:1px 0}.hg .cloze-inactive{font-size:0}.hg .cloze-inactive:after{content:'···';font-size:14px;color:var(--m)}</style><div class='hg hg-b'><div class=hg-a>📐 가르는 변수 = 1종 여부</div><div class=hg-f><table class=hg-t><tr><th>구분</th><th>주택층</th></tr><tr><td>1종</td><td><span class=hg-hl>5개층</span></td></tr><tr><td>1종 아님</td><td><span class=hg-hl>6개층</span></td></tr></table></div></div>	공인중개사 부동산공법 강조 T3	2026-09-22-부동산공법-(건축법~농지법 4회독).md	주택법-단지형연립다세대-1종5층-아니면6층
자격증::공인중개사::부동산공법	cloze	사업계획승인을 받아 건설하는 세대구분형 공동주택은 구분소유할 수 없고, 전체 세대수의 {{c1::3분의 1}}을 초과할 수 없다		공인중개사 부동산공법 강조 T1	2026-09-22-부동산공법-(건축법~농지법 4회독).md	주택법-세대구분형-구분소유X-3분의1
자격증::공인중개사::부동산공법	cloze	리모델링주택조합 조합설립인가 신청 시 대수선은 {{c1::10년}}, 증축은 15년이 경과했음을 증명하는 서류를 제출한다		공인중개사 부동산공법 강조 T1	2026-09-22-부동산공법-(건축법~농지법 4회독).md	주택법-리모델링조합-대수선10년
자격증::공인중개사::부동산공법	cloze	국민주택과 직장주택조합은 시장·군수·구청장에게 {{c1::신고}}사항이고, 이때 조합원은 {{c2::무주택자}}에 한한다	<style>.hg{--t:#1c1c1e;--m:#5f5f66;--bg:#f4f4f6;--ln:#d9d9de;--hl:#ffe9a8;--ac:#378ADD;color:var(--t);font-weight:400;text-align:left;font-size:16px;line-height:1.6;margin:8px auto 0;max-width:560px;word-break:keep-all}.nightMode .hg,.night_mode .hg{--t:#ececee;--m:#a9a9b0;--bg:#26262b;--ln:#3b3b42;--hl:#6a5410}.hg-o{--ac:#D85A30}.hg-b{--ac:#378ADD}.hg-g{--ac:#1D9E75}.hg-p{--ac:#7F77DD}.hg-a{border-left:4px solid var(--ac);background:var(--bg);border-radius:6px;padding:6px 10px;font-weight:700}.hg-f{margin:8px 0;padding:8px;border:1px solid var(--ln);border-radius:8px}.hg-w,.hg-x{font-size:14px;color:var(--m);margin-top:6px}.hg-w b,.hg-x b{margin-right:6px;font-weight:700}.hg-w b{color:var(--ac)}.hg-x b{color:#D85A30}.hg-v{display:inline-block;font-size:12px;border:1px solid var(--ln);border-radius:10px;padding:0 7px;color:var(--m);margin-top:6px}.hg-hl{background:var(--hl);border-radius:4px;padding:0 3px;font-weight:700}.hg-fl{display:flex;flex-wrap:wrap;align-items:center}.hg-fl span,.hg-fl i{margin:2px}.hg-fl .hg-e{border-style:dashed;background:none}.hg-fl span span{border:0;padding:0;margin:0;background:none}.hg-fl span{border:1px solid var(--ln);border-radius:6px;padding:2px 7px;background:var(--bg)}.hg-fl i{font-style:normal;font-size:13px;color:var(--m)}.hg-t{border-collapse:collapse;width:100%;font-size:14px}.hg-t td,.hg-t th{border:1px solid var(--ln);padding:4px 6px;vertical-align:top;text-align:left}.hg-t th{background:var(--bg);font-weight:700}.hg-tl{border-left:2px solid var(--ac);margin:2px 0 2px 6px;padding-left:10px}.hg-tl div{margin:3px 0}.hg-tl b{color:var(--ac)}.hg-q{font-weight:700;margin-bottom:4px}.hg-br div{margin:2px 0 2px 8px}.hg-tr ul{margin:2px 0 2px 14px;padding:0}.hg-tr li{margin:1px 0}.hg .cloze-inactive{font-size:0}.hg .cloze-inactive:after{content:'···';font-size:14px;color:var(--m)}</style><div class='hg hg-b'><div class=hg-x><b>함정</b> 인가가 아니라 신고</div></div>	공인중개사 부동산공법 강조 T1	2026-09-22-부동산공법-(건축법~농지법 4회독).md	주택법-국민주택직장조합-신고-무주택자
자격증::공인중개사::부동산공법	cloze	주택조합 충원 가능 사유 3 = {{c1::조합원의 사망 · 무자격자로 판명 · 탈퇴 등으로 50% 미만}}	<style>.hg{--t:#1c1c1e;--m:#5f5f66;--bg:#f4f4f6;--ln:#d9d9de;--hl:#ffe9a8;--ac:#378ADD;color:var(--t);font-weight:400;text-align:left;font-size:16px;line-height:1.6;margin:8px auto 0;max-width:560px;word-break:keep-all}.nightMode .hg,.night_mode .hg{--t:#ececee;--m:#a9a9b0;--bg:#26262b;--ln:#3b3b42;--hl:#6a5410}.hg-o{--ac:#D85A30}.hg-b{--ac:#378ADD}.hg-g{--ac:#1D9E75}.hg-p{--ac:#7F77DD}.hg-a{border-left:4px solid var(--ac);background:var(--bg);border-radius:6px;padding:6px 10px;font-weight:700}.hg-f{margin:8px 0;padding:8px;border:1px solid var(--ln);border-radius:8px}.hg-w,.hg-x{font-size:14px;color:var(--m);margin-top:6px}.hg-w b,.hg-x b{margin-right:6px;font-weight:700}.hg-w b{color:var(--ac)}.hg-x b{color:#D85A30}.hg-v{display:inline-block;font-size:12px;border:1px solid var(--ln);border-radius:10px;padding:0 7px;color:var(--m);margin-top:6px}.hg-hl{background:var(--hl);border-radius:4px;padding:0 3px;font-weight:700}.hg-fl{display:flex;flex-wrap:wrap;align-items:center}.hg-fl span,.hg-fl i{margin:2px}.hg-fl .hg-e{border-style:dashed;background:none}.hg-fl span span{border:0;padding:0;margin:0;background:none}.hg-fl span{border:1px solid var(--ln);border-radius:6px;padding:2px 7px;background:var(--bg)}.hg-fl i{font-style:normal;font-size:13px;color:var(--m)}.hg-t{border-collapse:collapse;width:100%;font-size:14px}.hg-t td,.hg-t th{border:1px solid var(--ln);padding:4px 6px;vertical-align:top;text-align:left}.hg-t th{background:var(--bg);font-weight:700}.hg-tl{border-left:2px solid var(--ac);margin:2px 0 2px 6px;padding-left:10px}.hg-tl div{margin:3px 0}.hg-tl b{color:var(--ac)}.hg-q{font-weight:700;margin-bottom:4px}.hg-br div{margin:2px 0 2px 8px}.hg-tr ul{margin:2px 0 2px 14px;padding:0}.hg-tr li{margin:1px 0}.hg .cloze-inactive{font-size:0}.hg .cloze-inactive:after{content:'···';font-size:14px;color:var(--m)}</style><div class='hg hg-b'><div class=hg-f><div class=hg-tr><ul><li>조합원 충원 가능<ul><li><span class=hg-hl>조합원의 사망</span></li><li><span class=hg-hl>무자격자로 판명된 경우</span></li><li><span class=hg-hl>탈퇴 등으로 50% 미만이 된 경우</span></li></ul></li></ul></div></div></div>	공인중개사 부동산공법 강조 T4	2026-09-22-부동산공법-(건축법~농지법 4회독).md	주택법-주택조합-충원사유3
자격증::공인중개사::부동산공법	cloze	주택조합 추가모집에 대한 변경인가 신청은 {{c1::사업계획승인신청일}}까지 한다		공인중개사 부동산공법 강조 T1	2026-09-22-부동산공법-(건축법~농지법 4회독).md	주택법-추가모집변경인가-승인신청일까지
자격증::공인중개사::부동산공법	cloze	주택조합은 조합설립인가를 받은 후 {{c1::2년}} 이내에 사업계획승인을 신청해야 한다		공인중개사 부동산공법 강조 기출직결 T1	2026-09-22-부동산공법-(건축법~농지법 4회독).md	주택법-주택조합-인가후2년내승인신청
자격증::공인중개사::부동산공법	cloze	등록사업자의 결격사유 — 등록이 말소된 후 {{c1::2년}}이 지나지 않은 경우		공인중개사 부동산공법 강조 T1	2026-09-22-부동산공법-(건축법~농지법 4회독).md	주택법-등록사업자결격-말소후2년
자격증::공인중개사::부동산공법	cloze	사업계획의 경미한 변경 내용 = 총사업비의 {{c1::20%}} 범위 증감 · 대지면적의 {{c1::20%}} 범위 면적 증감 · 위치가 변경되지 않는 범위의 배치 조정 또는 도로의 선형변경		공인중개사 부동산공법 강조 기출직결 T1	2026-09-22-부동산공법-(건축법~농지법 4회독).md	주택법-사업계획경미변경-20퍼센트
자격증::공인중개사::부동산공법	cloze	사업계획승인 후 착공신고를 하면 {{c1::20일}} 이내에 수리 여부를 통지해 주어야 한다		공인중개사 부동산공법 강조 기출직결 T1	2026-09-22-부동산공법-(건축법~농지법 4회독).md	주택법-착공신고-수리통지20일
자격증::공인중개사::부동산공법	cloze	주택법상 매도청구는 무조건 {{c1::시가}}로 한다		공인중개사 부동산공법 강조 기출직결 T1	2026-09-22-부동산공법-(건축법~농지법 4회독).md	주택법-매도청구-무조건시가
자격증::공인중개사::부동산공법	cloze	분양가상한제 적용 제외 주택 6 = {{c1::도시형 생활주택 · 쪽방 밀집지역 · 관광특구 50층 이상·150m 이상 공동주택 · 혁신지구재생사업 · 도심 공공주택 복합사업 · 주거환경개선사업 및 공공재개발사업}}	<style>.hg{--t:#1c1c1e;--m:#5f5f66;--bg:#f4f4f6;--ln:#d9d9de;--hl:#ffe9a8;--ac:#378ADD;color:var(--t);font-weight:400;text-align:left;font-size:16px;line-height:1.6;margin:8px auto 0;max-width:560px;word-break:keep-all}.nightMode .hg,.night_mode .hg{--t:#ececee;--m:#a9a9b0;--bg:#26262b;--ln:#3b3b42;--hl:#6a5410}.hg-o{--ac:#D85A30}.hg-b{--ac:#378ADD}.hg-g{--ac:#1D9E75}.hg-p{--ac:#7F77DD}.hg-a{border-left:4px solid var(--ac);background:var(--bg);border-radius:6px;padding:6px 10px;font-weight:700}.hg-f{margin:8px 0;padding:8px;border:1px solid var(--ln);border-radius:8px}.hg-w,.hg-x{font-size:14px;color:var(--m);margin-top:6px}.hg-w b,.hg-x b{margin-right:6px;font-weight:700}.hg-w b{color:var(--ac)}.hg-x b{color:#D85A30}.hg-v{display:inline-block;font-size:12px;border:1px solid var(--ln);border-radius:10px;padding:0 7px;color:var(--m);margin-top:6px}.hg-hl{background:var(--hl);border-radius:4px;padding:0 3px;font-weight:700}.hg-fl{display:flex;flex-wrap:wrap;align-items:center}.hg-fl span,.hg-fl i{margin:2px}.hg-fl .hg-e{border-style:dashed;background:none}.hg-fl span span{border:0;padding:0;margin:0;background:none}.hg-fl span{border:1px solid var(--ln);border-radius:6px;padding:2px 7px;background:var(--bg)}.hg-fl i{font-style:normal;font-size:13px;color:var(--m)}.hg-t{border-collapse:collapse;width:100%;font-size:14px}.hg-t td,.hg-t th{border:1px solid var(--ln);padding:4px 6px;vertical-align:top;text-align:left}.hg-t th{background:var(--bg);font-weight:700}.hg-tl{border-left:2px solid var(--ac);margin:2px 0 2px 6px;padding-left:10px}.hg-tl div{margin:3px 0}.hg-tl b{color:var(--ac)}.hg-q{font-weight:700;margin-bottom:4px}.hg-br div{margin:2px 0 2px 8px}.hg-tr ul{margin:2px 0 2px 14px;padding:0}.hg-tr li{margin:1px 0}.hg .cloze-inactive{font-size:0}.hg .cloze-inactive:after{content:'···';font-size:14px;color:var(--m)}</style><div class='hg hg-b'><div class=hg-f><div class=hg-tr><ul><li>분양가상한제 적용 제외<ul><li><span class=hg-hl>도시형 생활주택</span></li><li><span class=hg-hl>쪽방 밀집지역</span></li><li><span class=hg-hl>관광특구 50층 이상·높이 150m 이상 공동주택</span></li><li><span class=hg-hl>혁신지구재생사업</span></li><li><span class=hg-hl>도심 공공주택 복합사업</span></li><li><span class=hg-hl>주거환경개선사업 및 공공재개발사업</span></li></ul></li></ul></div></div></div>	공인중개사 부동산공법 강조 기출직결 T4	2026-09-22-부동산공법-(건축법~농지법 4회독).md	주택법-분양가상한제-제외6
자격증::공인중개사::부동산공법	cloze	분양가상한제 적용주택을 전매하는 경우 {{c1::한국토지주택공사}}의 동의를 받아야 하며, 이때 그 공사가 우선 매입할 수도 있다		공인중개사 부동산공법 강조 T1	2026-09-22-부동산공법-(건축법~농지법 4회독).md	주택법-분양가상한제주택전매-LH동의
자격증::공인중개사::부동산공법	cloze	투기과열지구는 주택의 분양실적이 지난달보다 30% 이상 {{c1::감소}}한 지역에 / 조정대상지역은 3개월간 분양권 전매거래량이 30% 이상 {{c1::증가}}한 지역에 지정	<style>.hg{--t:#1c1c1e;--m:#5f5f66;--bg:#f4f4f6;--ln:#d9d9de;--hl:#ffe9a8;--ac:#378ADD;color:var(--t);font-weight:400;text-align:left;font-size:16px;line-height:1.6;margin:8px auto 0;max-width:560px;word-break:keep-all}.nightMode .hg,.night_mode .hg{--t:#ececee;--m:#a9a9b0;--bg:#26262b;--ln:#3b3b42;--hl:#6a5410}.hg-o{--ac:#D85A30}.hg-b{--ac:#378ADD}.hg-g{--ac:#1D9E75}.hg-p{--ac:#7F77DD}.hg-a{border-left:4px solid var(--ac);background:var(--bg);border-radius:6px;padding:6px 10px;font-weight:700}.hg-f{margin:8px 0;padding:8px;border:1px solid var(--ln);border-radius:8px}.hg-w,.hg-x{font-size:14px;color:var(--m);margin-top:6px}.hg-w b,.hg-x b{margin-right:6px;font-weight:700}.hg-w b{color:var(--ac)}.hg-x b{color:#D85A30}.hg-v{display:inline-block;font-size:12px;border:1px solid var(--ln);border-radius:10px;padding:0 7px;color:var(--m);margin-top:6px}.hg-hl{background:var(--hl);border-radius:4px;padding:0 3px;font-weight:700}.hg-fl{display:flex;flex-wrap:wrap;align-items:center}.hg-fl span,.hg-fl i{margin:2px}.hg-fl .hg-e{border-style:dashed;background:none}.hg-fl span span{border:0;padding:0;margin:0;background:none}.hg-fl span{border:1px solid var(--ln);border-radius:6px;padding:2px 7px;background:var(--bg)}.hg-fl i{font-style:normal;font-size:13px;color:var(--m)}.hg-t{border-collapse:collapse;width:100%;font-size:14px}.hg-t td,.hg-t th{border:1px solid var(--ln);padding:4px 6px;vertical-align:top;text-align:left}.hg-t th{background:var(--bg);font-weight:700}.hg-tl{border-left:2px solid var(--ac);margin:2px 0 2px 6px;padding-left:10px}.hg-tl div{margin:3px 0}.hg-tl b{color:var(--ac)}.hg-q{font-weight:700;margin-bottom:4px}.hg-br div{margin:2px 0 2px 8px}.hg-tr ul{margin:2px 0 2px 14px;padding:0}.hg-tr li{margin:1px 0}.hg .cloze-inactive{font-size:0}.hg .cloze-inactive:after{content:'···';font-size:14px;color:var(--m)}</style><div class='hg hg-b'><div class=hg-a>📐 가르는 변수 = 분양실적(감소)인가 전매거래량(증가)인가</div><div class=hg-f><table class=hg-t><tr><th>지역</th><th>지정 요건(30% 이상)</th></tr><tr><td>투기과열지구</td><td>분양실적 지난달보다 <span class=hg-hl>감소</span></td></tr><tr><td>조정대상지역</td><td>3개월 전매거래량 <span class=hg-hl>증가</span></td></tr></table></div></div>	공인중개사 부동산공법 강조 T3	2026-09-22-부동산공법-(건축법~농지법 4회독).md	주택법-투기과열감소-조정대상증가
자격증::공인중개사::부동산공법	cloze	리모델링 권리변동계획에 포함되어야 할 사항 4 = {{c1::권리변동 명세 · 조합원의 비용부담 · 사업비 · 조합원 외의 자에 대한 분양계획}}	<style>.hg{--t:#1c1c1e;--m:#5f5f66;--bg:#f4f4f6;--ln:#d9d9de;--hl:#ffe9a8;--ac:#378ADD;color:var(--t);font-weight:400;text-align:left;font-size:16px;line-height:1.6;margin:8px auto 0;max-width:560px;word-break:keep-all}.nightMode .hg,.night_mode .hg{--t:#ececee;--m:#a9a9b0;--bg:#26262b;--ln:#3b3b42;--hl:#6a5410}.hg-o{--ac:#D85A30}.hg-b{--ac:#378ADD}.hg-g{--ac:#1D9E75}.hg-p{--ac:#7F77DD}.hg-a{border-left:4px solid var(--ac);background:var(--bg);border-radius:6px;padding:6px 10px;font-weight:700}.hg-f{margin:8px 0;padding:8px;border:1px solid var(--ln);border-radius:8px}.hg-w,.hg-x{font-size:14px;color:var(--m);margin-top:6px}.hg-w b,.hg-x b{margin-right:6px;font-weight:700}.hg-w b{color:var(--ac)}.hg-x b{color:#D85A30}.hg-v{display:inline-block;font-size:12px;border:1px solid var(--ln);border-radius:10px;padding:0 7px;color:var(--m);margin-top:6px}.hg-hl{background:var(--hl);border-radius:4px;padding:0 3px;font-weight:700}.hg-fl{display:flex;flex-wrap:wrap;align-items:center}.hg-fl span,.hg-fl i{margin:2px}.hg-fl .hg-e{border-style:dashed;background:none}.hg-fl span span{border:0;padding:0;margin:0;background:none}.hg-fl span{border:1px solid var(--ln);border-radius:6px;padding:2px 7px;background:var(--bg)}.hg-fl i{font-style:normal;font-size:13px;color:var(--m)}.hg-t{border-collapse:collapse;width:100%;font-size:14px}.hg-t td,.hg-t th{border:1px solid var(--ln);padding:4px 6px;vertical-align:top;text-align:left}.hg-t th{background:var(--bg);font-weight:700}.hg-tl{border-left:2px solid var(--ac);margin:2px 0 2px 6px;padding-left:10px}.hg-tl div{margin:3px 0}.hg-tl b{color:var(--ac)}.hg-q{font-weight:700;margin-bottom:4px}.hg-br div{margin:2px 0 2px 8px}.hg-tr ul{margin:2px 0 2px 14px;padding:0}.hg-tr li{margin:1px 0}.hg .cloze-inactive{font-size:0}.hg .cloze-inactive:after{content:'···';font-size:14px;color:var(--m)}</style><div class='hg hg-b'><div class=hg-f><div class=hg-tr><ul><li>권리변동계획<ul><li><span class=hg-hl>권리변동 명세</span></li><li><span class=hg-hl>조합원의 비용부담</span></li><li><span class=hg-hl>사업비</span></li><li><span class=hg-hl>조합원 외의 자에 대한 분양계획</span></li></ul></li></ul></div></div></div>	공인중개사 부동산공법 강조 T4	2026-09-22-부동산공법-(건축법~농지법 4회독).md	주택법-리모델링권리변동계획4
자격증::공인중개사::부동산공법	cloze	농취증을 발급받아야 하는 중요 상황 3 = {{c1::학교 + 시험·연구·실습지 · 주말·체험영농 목적 농업진흥지역 외 농지 취득 · 농지전용허가·신고를 한 자의 농지 취득}}	<style>.hg{--t:#1c1c1e;--m:#5f5f66;--bg:#f4f4f6;--ln:#d9d9de;--hl:#ffe9a8;--ac:#378ADD;color:var(--t);font-weight:400;text-align:left;font-size:16px;line-height:1.6;margin:8px auto 0;max-width:560px;word-break:keep-all}.nightMode .hg,.night_mode .hg{--t:#ececee;--m:#a9a9b0;--bg:#26262b;--ln:#3b3b42;--hl:#6a5410}.hg-o{--ac:#D85A30}.hg-b{--ac:#378ADD}.hg-g{--ac:#1D9E75}.hg-p{--ac:#7F77DD}.hg-a{border-left:4px solid var(--ac);background:var(--bg);border-radius:6px;padding:6px 10px;font-weight:700}.hg-f{margin:8px 0;padding:8px;border:1px solid var(--ln);border-radius:8px}.hg-w,.hg-x{font-size:14px;color:var(--m);margin-top:6px}.hg-w b,.hg-x b{margin-right:6px;font-weight:700}.hg-w b{color:var(--ac)}.hg-x b{color:#D85A30}.hg-v{display:inline-block;font-size:12px;border:1px solid var(--ln);border-radius:10px;padding:0 7px;color:var(--m);margin-top:6px}.hg-hl{background:var(--hl);border-radius:4px;padding:0 3px;font-weight:700}.hg-fl{display:flex;flex-wrap:wrap;align-items:center}.hg-fl span,.hg-fl i{margin:2px}.hg-fl .hg-e{border-style:dashed;background:none}.hg-fl span span{border:0;padding:0;margin:0;background:none}.hg-fl span{border:1px solid var(--ln);border-radius:6px;padding:2px 7px;background:var(--bg)}.hg-fl i{font-style:normal;font-size:13px;color:var(--m)}.hg-t{border-collapse:collapse;width:100%;font-size:14px}.hg-t td,.hg-t th{border:1px solid var(--ln);padding:4px 6px;vertical-align:top;text-align:left}.hg-t th{background:var(--bg);font-weight:700}.hg-tl{border-left:2px solid var(--ac);margin:2px 0 2px 6px;padding-left:10px}.hg-tl div{margin:3px 0}.hg-tl b{color:var(--ac)}.hg-q{font-weight:700;margin-bottom:4px}.hg-br div{margin:2px 0 2px 8px}.hg-tr ul{margin:2px 0 2px 14px;padding:0}.hg-tr li{margin:1px 0}.hg .cloze-inactive{font-size:0}.hg .cloze-inactive:after{content:'···';font-size:14px;color:var(--m)}</style><div class='hg hg-b'><div class=hg-f><div class=hg-tr><ul><li>농취증 필요<ul><li><span class=hg-hl>학교 + 시험·연구·실습지</span></li><li><span class=hg-hl>주말·체험영농 목적으로 농업진흥지역 외의 농지 취득</span></li><li><span class=hg-hl>농지전용허가·농지전용신고를 한 자가 취득</span></li></ul></li></ul></div></div></div>	공인중개사 부동산공법 강조 기출직결 T4	2026-09-22-부동산공법-(건축법~농지법 4회독).md	농지법-농취증필요3
자격증::공인중개사::부동산공법	cloze	농지의 처분의무는 {{c1::1년}}, 처분명령은 {{c2::6개월}} 내 → 이행강제금은 1년에 1회씩 감정가격 또는 개별공시지가 중 높은 가액의 {{c3::100분의 25}}		공인중개사 부동산공법 강조 T1	2026-09-22-부동산공법-(건축법~농지법 4회독).md	농지법-처분의무1년-명령6개월-이행강제금25
자격증::공인중개사::부동산공법	cloze	농업진흥지역 지정권자 = {{c1::시·도지사}} → {{c2::농림축산식품부장관}} 승인		공인중개사 부동산공법 강조 T1	2026-09-22-부동산공법-(건축법~농지법 4회독).md	농지법-농업진흥지역-시도지사지정-장관승인
자격증::공인중개사::부동산공법	cloze	농업진흥지역 지정대상 녹관농자에서 {{c1::특별시 녹지지역}}은 제외된다		공인중개사 부동산공법 강조 T1	2026-09-22-부동산공법-(건축법~농지법 4회독).md	농지법-농업진흥지역-특별시녹지제외
자격증::공인중개사::부동산공법	cloze	농업보호구역에서 허용되는 행위 = {{c1::관광농원사업 · 주말농원사업 · 양수장·정수장 · 단독주택 · 태양에너지}}	<style>.hg{--t:#1c1c1e;--m:#5f5f66;--bg:#f4f4f6;--ln:#d9d9de;--hl:#ffe9a8;--ac:#378ADD;color:var(--t);font-weight:400;text-align:left;font-size:16px;line-height:1.6;margin:8px auto 0;max-width:560px;word-break:keep-all}.nightMode .hg,.night_mode .hg{--t:#ececee;--m:#a9a9b0;--bg:#26262b;--ln:#3b3b42;--hl:#6a5410}.hg-o{--ac:#D85A30}.hg-b{--ac:#378ADD}.hg-g{--ac:#1D9E75}.hg-p{--ac:#7F77DD}.hg-a{border-left:4px solid var(--ac);background:var(--bg);border-radius:6px;padding:6px 10px;font-weight:700}.hg-f{margin:8px 0;padding:8px;border:1px solid var(--ln);border-radius:8px}.hg-w,.hg-x{font-size:14px;color:var(--m);margin-top:6px}.hg-w b,.hg-x b{margin-right:6px;font-weight:700}.hg-w b{color:var(--ac)}.hg-x b{color:#D85A30}.hg-v{display:inline-block;font-size:12px;border:1px solid var(--ln);border-radius:10px;padding:0 7px;color:var(--m);margin-top:6px}.hg-hl{background:var(--hl);border-radius:4px;padding:0 3px;font-weight:700}.hg-fl{display:flex;flex-wrap:wrap;align-items:center}.hg-fl span,.hg-fl i{margin:2px}.hg-fl .hg-e{border-style:dashed;background:none}.hg-fl span span{border:0;padding:0;margin:0;background:none}.hg-fl span{border:1px solid var(--ln);border-radius:6px;padding:2px 7px;background:var(--bg)}.hg-fl i{font-style:normal;font-size:13px;color:var(--m)}.hg-t{border-collapse:collapse;width:100%;font-size:14px}.hg-t td,.hg-t th{border:1px solid var(--ln);padding:4px 6px;vertical-align:top;text-align:left}.hg-t th{background:var(--bg);font-weight:700}.hg-tl{border-left:2px solid var(--ac);margin:2px 0 2px 6px;padding-left:10px}.hg-tl div{margin:3px 0}.hg-tl b{color:var(--ac)}.hg-q{font-weight:700;margin-bottom:4px}.hg-br div{margin:2px 0 2px 8px}.hg-tr ul{margin:2px 0 2px 14px;padding:0}.hg-tr li{margin:1px 0}.hg .cloze-inactive{font-size:0}.hg .cloze-inactive:after{content:'···';font-size:14px;color:var(--m)}</style><div class='hg hg-b'><div class=hg-f><div class=hg-tr><ul><li>농업보호구역 허용<ul><li><span class=hg-hl>관광농원사업</span> 3만 미만</li><li><span class=hg-hl>주말농원사업</span> 3천 미만</li><li><span class=hg-hl>양수장·정수장</span> 3천 미만</li><li><span class=hg-hl>단독주택</span></li><li><span class=hg-hl>태양에너지</span> 1만 미만</li></ul></li></ul></div></div></div>	공인중개사 부동산공법 강조 기출직결 T4	2026-09-22-부동산공법-(건축법~농지법 4회독).md	농지법-농업보호구역-허용행위
자격증::공인중개사::부동산공법	cloze	농업진흥구역에서 허용되는 행위 = {{c1::농수산물 가공·처리 · 농수산업 관련 시험·연구 · 국가유산의 보수·복원 · 농업인 주택}}	<style>.hg{--t:#1c1c1e;--m:#5f5f66;--bg:#f4f4f6;--ln:#d9d9de;--hl:#ffe9a8;--ac:#378ADD;color:var(--t);font-weight:400;text-align:left;font-size:16px;line-height:1.6;margin:8px auto 0;max-width:560px;word-break:keep-all}.nightMode .hg,.night_mode .hg{--t:#ececee;--m:#a9a9b0;--bg:#26262b;--ln:#3b3b42;--hl:#6a5410}.hg-o{--ac:#D85A30}.hg-b{--ac:#378ADD}.hg-g{--ac:#1D9E75}.hg-p{--ac:#7F77DD}.hg-a{border-left:4px solid var(--ac);background:var(--bg);border-radius:6px;padding:6px 10px;font-weight:700}.hg-f{margin:8px 0;padding:8px;border:1px solid var(--ln);border-radius:8px}.hg-w,.hg-x{font-size:14px;color:var(--m);margin-top:6px}.hg-w b,.hg-x b{margin-right:6px;font-weight:700}.hg-w b{color:var(--ac)}.hg-x b{color:#D85A30}.hg-v{display:inline-block;font-size:12px;border:1px solid var(--ln);border-radius:10px;padding:0 7px;color:var(--m);margin-top:6px}.hg-hl{background:var(--hl);border-radius:4px;padding:0 3px;font-weight:700}.hg-fl{display:flex;flex-wrap:wrap;align-items:center}.hg-fl span,.hg-fl i{margin:2px}.hg-fl .hg-e{border-style:dashed;background:none}.hg-fl span span{border:0;padding:0;margin:0;background:none}.hg-fl span{border:1px solid var(--ln);border-radius:6px;padding:2px 7px;background:var(--bg)}.hg-fl i{font-style:normal;font-size:13px;color:var(--m)}.hg-t{border-collapse:collapse;width:100%;font-size:14px}.hg-t td,.hg-t th{border:1px solid var(--ln);padding:4px 6px;vertical-align:top;text-align:left}.hg-t th{background:var(--bg);font-weight:700}.hg-tl{border-left:2px solid var(--ac);margin:2px 0 2px 6px;padding-left:10px}.hg-tl div{margin:3px 0}.hg-tl b{color:var(--ac)}.hg-q{font-weight:700;margin-bottom:4px}.hg-br div{margin:2px 0 2px 8px}.hg-tr ul{margin:2px 0 2px 14px;padding:0}.hg-tr li{margin:1px 0}.hg .cloze-inactive{font-size:0}.hg .cloze-inactive:after{content:'···';font-size:14px;color:var(--m)}</style><div class='hg hg-b'><div class=hg-f><div class=hg-tr><ul><li>농업진흥구역 허용<ul><li><span class=hg-hl>농수산물 가공·처리</span></li><li><span class=hg-hl>농수산업 관련 시험·연구</span></li><li><span class=hg-hl>국가유산의 보수·복원</span></li><li><span class=hg-hl>농업인 주택</span></li></ul></li></ul></div></div></div>	공인중개사 부동산공법 강조 기출직결 T4	2026-09-22-부동산공법-(건축법~농지법 4회독).md	농지법-농업진흥구역-허용행위
자격증::공인중개사::부동산공시법	cloze	공동저당 중 한 부동산이 먼저 경매되어 선순위 갑이 채권 전액을 변제받은 경우, 그 부동산의 후순위저당권자는 갑이 다른 공동저당 부동산에 가지고 있던 저당권을 {{c1::대위}}하여 행사 — 이 권리의 등기는 갑의 저당권등기에 {{c2::부기등기}} 방식으로		공인중개사 부동산공시법 강조 기출직결 T1	2026-09-24-부동산공시법-(소유권외의 권리에 대한 등기~처분제한등기 4회독).md	공시법-공동저당대위-부기등기
자격증::공인중개사::부동산공시법	cloze	임대차에 {{c1::차임지급시기}}에 관한 약정이 있는데 임차권등기에 이를 기록하지 않았다고 해서 그 등기가 무효가 되는 것은 아니다		공인중개사 부동산공시법 강조 T1	2026-09-24-부동산공시법-(소유권외의 권리에 대한 등기~처분제한등기 4회독).md	공시법-임차권등기-차임지급시기누락-유효
자격증::공인중개사::부동산공시법	cloze	공유부동산에 전세권을 설정하면 {{c1::공유자 전원}}이 등기의무자가 된다		공인중개사 부동산공시법 강조 T1	2026-09-24-부동산공시법-(소유권외의 권리에 대한 등기~처분제한등기 4회독).md	공시법-공유부동산전세권-공유자전원의무자
자격증::공인중개사::부동산공시법	cloze	등기관이 직권으로 경정등기를 하였을 때, 등기권리자·등기의무자 등이 각 2인 이상이면 그중 {{c1::1인}}에게만 통지하면 된다		공인중개사 부동산공시법 강조 T1	2026-09-24-부동산공시법-(소유권외의 권리에 대한 등기~처분제한등기 4회독).md	공시법-직권경정통지-2인이상1인
자격증::공인중개사::부동산공시법	cloze	권리의 {{c1::종류·주체·객체}}를 잘못 적은 등기는 경정등기를 할 수 없고 말소등기를 해야 한다		공인중개사 부동산공시법 강조 T1	2026-09-24-부동산공시법-(소유권외의 권리에 대한 등기~처분제한등기 4회독).md	공시법-경정불가-종류주체객체
자격증::공인중개사::부동산공시법	cloze	일부말소회복등기는 {{c1::부기등기}}로 하고, 전부말소회복등기는 {{c1::주등기}}로 한다	<style>.hg{--t:#1c1c1e;--m:#5f5f66;--bg:#f4f4f6;--ln:#d9d9de;--hl:#ffe9a8;--ac:#378ADD;color:var(--t);font-weight:400;text-align:left;font-size:16px;line-height:1.6;margin:8px auto 0;max-width:560px;word-break:keep-all}.nightMode .hg,.night_mode .hg{--t:#ececee;--m:#a9a9b0;--bg:#26262b;--ln:#3b3b42;--hl:#6a5410}.hg-o{--ac:#D85A30}.hg-b{--ac:#378ADD}.hg-g{--ac:#1D9E75}.hg-p{--ac:#7F77DD}.hg-a{border-left:4px solid var(--ac);background:var(--bg);border-radius:6px;padding:6px 10px;font-weight:700}.hg-f{margin:8px 0;padding:8px;border:1px solid var(--ln);border-radius:8px}.hg-w,.hg-x{font-size:14px;color:var(--m);margin-top:6px}.hg-w b,.hg-x b{margin-right:6px;font-weight:700}.hg-w b{color:var(--ac)}.hg-x b{color:#D85A30}.hg-v{display:inline-block;font-size:12px;border:1px solid var(--ln);border-radius:10px;padding:0 7px;color:var(--m);margin-top:6px}.hg-hl{background:var(--hl);border-radius:4px;padding:0 3px;font-weight:700}.hg-fl{display:flex;flex-wrap:wrap;align-items:center}.hg-fl span,.hg-fl i{margin:2px}.hg-fl .hg-e{border-style:dashed;background:none}.hg-fl span span{border:0;padding:0;margin:0;background:none}.hg-fl span{border:1px solid var(--ln);border-radius:6px;padding:2px 7px;background:var(--bg)}.hg-fl i{font-style:normal;font-size:13px;color:var(--m)}.hg-t{border-collapse:collapse;width:100%;font-size:14px}.hg-t td,.hg-t th{border:1px solid var(--ln);padding:4px 6px;vertical-align:top;text-align:left}.hg-t th{background:var(--bg);font-weight:700}.hg-tl{border-left:2px solid var(--ac);margin:2px 0 2px 6px;padding-left:10px}.hg-tl div{margin:3px 0}.hg-tl b{color:var(--ac)}.hg-q{font-weight:700;margin-bottom:4px}.hg-br div{margin:2px 0 2px 8px}.hg-tr ul{margin:2px 0 2px 14px;padding:0}.hg-tr li{margin:1px 0}.hg .cloze-inactive{font-size:0}.hg .cloze-inactive:after{content:'···';font-size:14px;color:var(--m)}</style><div class='hg hg-b'><div class=hg-a>📐 가르는 변수 = 주등기가 남아 있는가(일부 / 전부)</div><div class=hg-f><table class=hg-t><tr><th>말소회복</th><th>등기 방식</th></tr><tr><td>일부(주등기 있는 상태)</td><td><span class=hg-hl>부기등기</span></td></tr><tr><td>전부(주등기 자체 회복)</td><td><span class=hg-hl>주등기</span></td></tr></table></div><div class=hg-w><b>왜</b> 일부는 주등기가 있는 상태에서 일부만 회복 / 전부는 주등기를 회복하는 것</div></div>	공인중개사 부동산공시법 강조 기출직결 T3	2026-09-24-부동산공시법-(소유권외의 권리에 대한 등기~처분제한등기 4회독).md	공시법-말소회복-일부부기-전부주등기
자격증::공인중개사::부동산공시법	cloze	가등기권리자가 여러 사람인 경우 — 1인이 자기 지분만에 관한 본등기 → {{c1::신청할 수 있다}} / 1인이 전원 명의의 본등기 → {{c1::신청할 수 없다}}	<style>.hg{--t:#1c1c1e;--m:#5f5f66;--bg:#f4f4f6;--ln:#d9d9de;--hl:#ffe9a8;--ac:#378ADD;color:var(--t);font-weight:400;text-align:left;font-size:16px;line-height:1.6;margin:8px auto 0;max-width:560px;word-break:keep-all}.nightMode .hg,.night_mode .hg{--t:#ececee;--m:#a9a9b0;--bg:#26262b;--ln:#3b3b42;--hl:#6a5410}.hg-o{--ac:#D85A30}.hg-b{--ac:#378ADD}.hg-g{--ac:#1D9E75}.hg-p{--ac:#7F77DD}.hg-a{border-left:4px solid var(--ac);background:var(--bg);border-radius:6px;padding:6px 10px;font-weight:700}.hg-f{margin:8px 0;padding:8px;border:1px solid var(--ln);border-radius:8px}.hg-w,.hg-x{font-size:14px;color:var(--m);margin-top:6px}.hg-w b,.hg-x b{margin-right:6px;font-weight:700}.hg-w b{color:var(--ac)}.hg-x b{color:#D85A30}.hg-v{display:inline-block;font-size:12px;border:1px solid var(--ln);border-radius:10px;padding:0 7px;color:var(--m);margin-top:6px}.hg-hl{background:var(--hl);border-radius:4px;padding:0 3px;font-weight:700}.hg-fl{display:flex;flex-wrap:wrap;align-items:center}.hg-fl span,.hg-fl i{margin:2px}.hg-fl .hg-e{border-style:dashed;background:none}.hg-fl span span{border:0;padding:0;margin:0;background:none}.hg-fl span{border:1px solid var(--ln);border-radius:6px;padding:2px 7px;background:var(--bg)}.hg-fl i{font-style:normal;font-size:13px;color:var(--m)}.hg-t{border-collapse:collapse;width:100%;font-size:14px}.hg-t td,.hg-t th{border:1px solid var(--ln);padding:4px 6px;vertical-align:top;text-align:left}.hg-t th{background:var(--bg);font-weight:700}.hg-tl{border-left:2px solid var(--ac);margin:2px 0 2px 6px;padding-left:10px}.hg-tl div{margin:3px 0}.hg-tl b{color:var(--ac)}.hg-q{font-weight:700;margin-bottom:4px}.hg-br div{margin:2px 0 2px 8px}.hg-tr ul{margin:2px 0 2px 14px;padding:0}.hg-tr li{margin:1px 0}.hg .cloze-inactive{font-size:0}.hg .cloze-inactive:after{content:'···';font-size:14px;color:var(--m)}</style><div class='hg hg-b'><div class=hg-a>📐 가르는 변수 = 자기 지분만인가, 전원 명의인가</div><div class=hg-f><table class=hg-t><tr><th>1인이 신청</th><th>본등기</th></tr><tr><td>자기 지분만</td><td><span class=hg-hl>O</span></td></tr><tr><td>전원 명의</td><td><span class=hg-hl>X</span></td></tr></table></div><div class=hg-x><b>함정</b> 상속등기는 방향이 반대 — 자기 지분만 X, 전원 명의는 1인 O</div></div>	공인중개사 부동산공시법 강조 기출직결 T3	2026-09-24-부동산공시법-(소유권외의 권리에 대한 등기~처분제한등기 4회독).md	공시법-공동가등기권리자-지분O전원X
자격증::공인중개사::부동산공시법	cloze	소유권이전청구권보전 가등기에 의한 소유권이전 본등기 시, 가등기 후 본등기 전에 마쳐진 등기(소유권·저당권·용익권·가압류(가처분)등기)는 일반적으로 {{c1::직권말소}}한다		공인중개사 부동산공시법 강조 기출직결 T1	2026-09-24-부동산공시법-(소유권외의 권리에 대한 등기~처분제한등기 4회독).md	공시법-가등기본등기-중간등기직권말소
자격증::공인중개사::부동산공시법	cloze	소유권이전청구권가등기의 등기명의인이 소재불명 → 현 소유자는 {{c1::공시최고}}를 신청하여 {{c2::제권판결}}을 받아 단독으로 그 가등기의 말소등기를 신청할 수 있다		공인중개사 부동산공시법 강조 T1	2026-09-24-부동산공시법-(소유권외의 권리에 대한 등기~처분제한등기 4회독).md	공시법-가등기명의인소재불명-공시최고제권판결
자격증::공인중개사::부동산공시법	cloze	부동산의 일부는 처분할 수 없으므로 불가능한 등기 3 = {{c1::소유권보존등기 · 소유권이전등기 · 저당권설정등기}}	<style>.hg{--t:#1c1c1e;--m:#5f5f66;--bg:#f4f4f6;--ln:#d9d9de;--hl:#ffe9a8;--ac:#378ADD;color:var(--t);font-weight:400;text-align:left;font-size:16px;line-height:1.6;margin:8px auto 0;max-width:560px;word-break:keep-all}.nightMode .hg,.night_mode .hg{--t:#ececee;--m:#a9a9b0;--bg:#26262b;--ln:#3b3b42;--hl:#6a5410}.hg-o{--ac:#D85A30}.hg-b{--ac:#378ADD}.hg-g{--ac:#1D9E75}.hg-p{--ac:#7F77DD}.hg-a{border-left:4px solid var(--ac);background:var(--bg);border-radius:6px;padding:6px 10px;font-weight:700}.hg-f{margin:8px 0;padding:8px;border:1px solid var(--ln);border-radius:8px}.hg-w,.hg-x{font-size:14px;color:var(--m);margin-top:6px}.hg-w b,.hg-x b{margin-right:6px;font-weight:700}.hg-w b{color:var(--ac)}.hg-x b{color:#D85A30}.hg-v{display:inline-block;font-size:12px;border:1px solid var(--ln);border-radius:10px;padding:0 7px;color:var(--m);margin-top:6px}.hg-hl{background:var(--hl);border-radius:4px;padding:0 3px;font-weight:700}.hg-fl{display:flex;flex-wrap:wrap;align-items:center}.hg-fl span,.hg-fl i{margin:2px}.hg-fl .hg-e{border-style:dashed;background:none}.hg-fl span span{border:0;padding:0;margin:0;background:none}.hg-fl span{border:1px solid var(--ln);border-radius:6px;padding:2px 7px;background:var(--bg)}.hg-fl i{font-style:normal;font-size:13px;color:var(--m)}.hg-t{border-collapse:collapse;width:100%;font-size:14px}.hg-t td,.hg-t th{border:1px solid var(--ln);padding:4px 6px;vertical-align:top;text-align:left}.hg-t th{background:var(--bg);font-weight:700}.hg-tl{border-left:2px solid var(--ac);margin:2px 0 2px 6px;padding-left:10px}.hg-tl div{margin:3px 0}.hg-tl b{color:var(--ac)}.hg-q{font-weight:700;margin-bottom:4px}.hg-br div{margin:2px 0 2px 8px}.hg-tr ul{margin:2px 0 2px 14px;padding:0}.hg-tr li{margin:1px 0}.hg .cloze-inactive{font-size:0}.hg .cloze-inactive:after{content:'···';font-size:14px;color:var(--m)}</style><div class='hg hg-b'><div class=hg-f><div class=hg-tr><ul><li>부동산의 일부 → 불가<ul><li><span class=hg-hl>소유권보존등기</span></li><li><span class=hg-hl>소유권이전등기</span></li><li><span class=hg-hl>저당권설정등기</span></li></ul></li></ul></div></div></div>	공인중개사 부동산공시법 강조 기출직결 T4	2026-09-24-부동산공시법-(소유권외의 권리에 대한 등기~처분제한등기 4회독).md	공시법-부동산일부-불가등기3
자격증::공인중개사::부동산공시법	cloze	가압류등기는 실행과 말소를 {{c1::촉탁}}으로 진행하는 반면, 가처분등기는 승소한 권리자가 본등기를 {{c1::단독신청}}한다 (처음 가처분을 기입하는 것은 법원)	<style>.hg{--t:#1c1c1e;--m:#5f5f66;--bg:#f4f4f6;--ln:#d9d9de;--hl:#ffe9a8;--ac:#378ADD;color:var(--t);font-weight:400;text-align:left;font-size:16px;line-height:1.6;margin:8px auto 0;max-width:560px;word-break:keep-all}.nightMode .hg,.night_mode .hg{--t:#ececee;--m:#a9a9b0;--bg:#26262b;--ln:#3b3b42;--hl:#6a5410}.hg-o{--ac:#D85A30}.hg-b{--ac:#378ADD}.hg-g{--ac:#1D9E75}.hg-p{--ac:#7F77DD}.hg-a{border-left:4px solid var(--ac);background:var(--bg);border-radius:6px;padding:6px 10px;font-weight:700}.hg-f{margin:8px 0;padding:8px;border:1px solid var(--ln);border-radius:8px}.hg-w,.hg-x{font-size:14px;color:var(--m);margin-top:6px}.hg-w b,.hg-x b{margin-right:6px;font-weight:700}.hg-w b{color:var(--ac)}.hg-x b{color:#D85A30}.hg-v{display:inline-block;font-size:12px;border:1px solid var(--ln);border-radius:10px;padding:0 7px;color:var(--m);margin-top:6px}.hg-hl{background:var(--hl);border-radius:4px;padding:0 3px;font-weight:700}.hg-fl{display:flex;flex-wrap:wrap;align-items:center}.hg-fl span,.hg-fl i{margin:2px}.hg-fl .hg-e{border-style:dashed;background:none}.hg-fl span span{border:0;padding:0;margin:0;background:none}.hg-fl span{border:1px solid var(--ln);border-radius:6px;padding:2px 7px;background:var(--bg)}.hg-fl i{font-style:normal;font-size:13px;color:var(--m)}.hg-t{border-collapse:collapse;width:100%;font-size:14px}.hg-t td,.hg-t th{border:1px solid var(--ln);padding:4px 6px;vertical-align:top;text-align:left}.hg-t th{background:var(--bg);font-weight:700}.hg-tl{border-left:2px solid var(--ac);margin:2px 0 2px 6px;padding-left:10px}.hg-tl div{margin:3px 0}.hg-tl b{color:var(--ac)}.hg-q{font-weight:700;margin-bottom:4px}.hg-br div{margin:2px 0 2px 8px}.hg-tr ul{margin:2px 0 2px 14px;padding:0}.hg-tr li{margin:1px 0}.hg .cloze-inactive{font-size:0}.hg .cloze-inactive:after{content:'···';font-size:14px;color:var(--m)}</style><div class='hg hg-b'><div class=hg-a>📐 가르는 변수 = 가압류인가 가처분인가</div><div class=hg-f><table class=hg-t><tr><th>처분제한등기</th><th>진행</th></tr><tr><td>가압류</td><td>실행·말소 모두 <span class=hg-hl>촉탁</span></td></tr><tr><td>가처분</td><td>승소 후 본등기 <span class=hg-hl>단독신청</span>(기입은 법원)</td></tr></table></div></div>	공인중개사 부동산공시법 강조 기출직결 T3	2026-09-24-부동산공시법-(소유권외의 권리에 대한 등기~처분제한등기 4회독).md	공시법-가압류촉탁-가처분단독신청
자격증::공인중개사::부동산공시법	cloze	가처분채권자가 승소해 본등기를 신청할 때, 그 이후에 마쳐진 제3자 등기는 {{c1::단독으로 말소신청}}하고, 해당 가처분등기는 {{c2::등기관이 직권말소}}한다		공인중개사 부동산공시법 강조 기출직결 T1	2026-09-24-부동산공시법-(소유권외의 권리에 대한 등기~처분제한등기 4회독).md	공시법-가처분승소-제3자등기단독말소-가처분직권말소
자격증::공인중개사::부동산공시법	cloze	구분건물 등기기록 — 1동 건물에는 {{c1::표제부}}만 두고, 전유부분에는 {{c2::표제부·갑구·을구}}를 둔다		공인중개사 부동산공시법 강조 기출직결 T1	2026-09-24-부동산공시법-(소유권외의 권리에 대한 등기~처분제한등기 4회독).md	공시법-구분건물등기기록-1동표제부-전유3
자격증::공인중개사::부동산공시법	cloze	등기관이 구분건물의 대지권 목적인 토지표시에 변경등기를 마쳤을 때에는 {{c1::1동 건물의 표제부}}에 변경등기를 {{c2::직권}}으로 해야 한다		공인중개사 부동산공시법 강조 T1	2026-09-24-부동산공시법-(소유권외의 권리에 대한 등기~처분제한등기 4회독).md	공시법-대지권토지표시변경-1동표제부직권
자격증::공인중개사::부동산공시법	cloze	소유권이 대지권이라는 뜻이 등기된 토지에 대해서는 그 토지만에 관한 {{c1::저당권}}을 설정할 수 없다 (분리처분 불가)		공인중개사 부동산공시법 강조 T1	2026-09-24-부동산공시법-(소유권외의 권리에 대한 등기~처분제한등기 4회독).md	공시법-대지권뜻등기토지-토지만저당X
자격증::공인중개사::부동산학개론	cloze	가치는 장래 기대되는 이익의 {{c1::현재}}가치 합 → {{c1::현재}}의 값 / 가격은 시장에서 실제로 거래된 금액 → {{c1::과거}}의 값	<style>.hg{--t:#1c1c1e;--m:#5f5f66;--bg:#f4f4f6;--ln:#d9d9de;--hl:#ffe9a8;--ac:#378ADD;color:var(--t);font-weight:400;text-align:left;font-size:16px;line-height:1.6;margin:8px auto 0;max-width:560px;word-break:keep-all}.nightMode .hg,.night_mode .hg{--t:#ececee;--m:#a9a9b0;--bg:#26262b;--ln:#3b3b42;--hl:#6a5410}.hg-o{--ac:#D85A30}.hg-b{--ac:#378ADD}.hg-g{--ac:#1D9E75}.hg-p{--ac:#7F77DD}.hg-a{border-left:4px solid var(--ac);background:var(--bg);border-radius:6px;padding:6px 10px;font-weight:700}.hg-f{margin:8px 0;padding:8px;border:1px solid var(--ln);border-radius:8px}.hg-w,.hg-x{font-size:14px;color:var(--m);margin-top:6px}.hg-w b,.hg-x b{margin-right:6px;font-weight:700}.hg-w b{color:var(--ac)}.hg-x b{color:#D85A30}.hg-v{display:inline-block;font-size:12px;border:1px solid var(--ln);border-radius:10px;padding:0 7px;color:var(--m);margin-top:6px}.hg-hl{background:var(--hl);border-radius:4px;padding:0 3px;font-weight:700}.hg-fl{display:flex;flex-wrap:wrap;align-items:center}.hg-fl span,.hg-fl i{margin:2px}.hg-fl .hg-e{border-style:dashed;background:none}.hg-fl span span{border:0;padding:0;margin:0;background:none}.hg-fl span{border:1px solid var(--ln);border-radius:6px;padding:2px 7px;background:var(--bg)}.hg-fl i{font-style:normal;font-size:13px;color:var(--m)}.hg-t{border-collapse:collapse;width:100%;font-size:14px}.hg-t td,.hg-t th{border:1px solid var(--ln);padding:4px 6px;vertical-align:top;text-align:left}.hg-t th{background:var(--bg);font-weight:700}.hg-tl{border-left:2px solid var(--ac);margin:2px 0 2px 6px;padding-left:10px}.hg-tl div{margin:3px 0}.hg-tl b{color:var(--ac)}.hg-q{font-weight:700;margin-bottom:4px}.hg-br div{margin:2px 0 2px 8px}.hg-tr ul{margin:2px 0 2px 14px;padding:0}.hg-tr li{margin:1px 0}.hg .cloze-inactive{font-size:0}.hg .cloze-inactive:after{content:'···';font-size:14px;color:var(--m)}</style><div class='hg hg-o'><div class=hg-a>📐 가르는 변수 = 가치(기대이익)인가 가격(거래금액)인가</div><div class=hg-f><table class=hg-t><tr><th>구분</th><th>의미</th><th>시점</th></tr><tr><td>가치</td><td>장래 기대 이익의 현재가치 합</td><td><span class=hg-hl>현재</span></td></tr><tr><td>가격</td><td>실제 거래된 금액</td><td><span class=hg-hl>과거</span></td></tr></table></div></div>	공인중개사 부동산학개론 강조 T3	2026-09-27-부동산학개론-(비할인법~부동산가격공시제도 4회독).md	학개론-가치현재-가격과거
자격증::공인중개사::부동산학개론	cloze	가치형성요인 = 대상물건의 {{c1::경제적가치}}에 영향을 미치는 일반요인·지역요인·개별요인	<style>.hg{--t:#1c1c1e;--m:#5f5f66;--bg:#f4f4f6;--ln:#d9d9de;--hl:#ffe9a8;--ac:#378ADD;color:var(--t);font-weight:400;text-align:left;font-size:16px;line-height:1.6;margin:8px auto 0;max-width:560px;word-break:keep-all}.nightMode .hg,.night_mode .hg{--t:#ececee;--m:#a9a9b0;--bg:#26262b;--ln:#3b3b42;--hl:#6a5410}.hg-o{--ac:#D85A30}.hg-b{--ac:#378ADD}.hg-g{--ac:#1D9E75}.hg-p{--ac:#7F77DD}.hg-a{border-left:4px solid var(--ac);background:var(--bg);border-radius:6px;padding:6px 10px;font-weight:700}.hg-f{margin:8px 0;padding:8px;border:1px solid var(--ln);border-radius:8px}.hg-w,.hg-x{font-size:14px;color:var(--m);margin-top:6px}.hg-w b,.hg-x b{margin-right:6px;font-weight:700}.hg-w b{color:var(--ac)}.hg-x b{color:#D85A30}.hg-v{display:inline-block;font-size:12px;border:1px solid var(--ln);border-radius:10px;padding:0 7px;color:var(--m);margin-top:6px}.hg-hl{background:var(--hl);border-radius:4px;padding:0 3px;font-weight:700}.hg-fl{display:flex;flex-wrap:wrap;align-items:center}.hg-fl span,.hg-fl i{margin:2px}.hg-fl .hg-e{border-style:dashed;background:none}.hg-fl span span{border:0;padding:0;margin:0;background:none}.hg-fl span{border:1px solid var(--ln);border-radius:6px;padding:2px 7px;background:var(--bg)}.hg-fl i{font-style:normal;font-size:13px;color:var(--m)}.hg-t{border-collapse:collapse;width:100%;font-size:14px}.hg-t td,.hg-t th{border:1px solid var(--ln);padding:4px 6px;vertical-align:top;text-align:left}.hg-t th{background:var(--bg);font-weight:700}.hg-tl{border-left:2px solid var(--ac);margin:2px 0 2px 6px;padding-left:10px}.hg-tl div{margin:3px 0}.hg-tl b{color:var(--ac)}.hg-q{font-weight:700;margin-bottom:4px}.hg-br div{margin:2px 0 2px 8px}.hg-tr ul{margin:2px 0 2px 14px;padding:0}.hg-tr li{margin:1px 0}.hg .cloze-inactive{font-size:0}.hg .cloze-inactive:after{content:'···';font-size:14px;color:var(--m)}</style><div class='hg hg-o'><div class=hg-x><b>함정</b> 시장가치에 영향을 미치는 게 아니다</div></div>	공인중개사 부동산학개론 강조 기출직결 중괄호 T1	2026-09-27-부동산학개론-(비할인법~부동산가격공시제도 4회독).md	학개론-가치형성요인-경제적가치
자격증::공인중개사::부동산학개론	cloze	지역분석의 근거는 {{c1::부동성}}, 개별분석의 근거는 {{c1::개별성}}이다	<style>.hg{--t:#1c1c1e;--m:#5f5f66;--bg:#f4f4f6;--ln:#d9d9de;--hl:#ffe9a8;--ac:#378ADD;color:var(--t);font-weight:400;text-align:left;font-size:16px;line-height:1.6;margin:8px auto 0;max-width:560px;word-break:keep-all}.nightMode .hg,.night_mode .hg{--t:#ececee;--m:#a9a9b0;--bg:#26262b;--ln:#3b3b42;--hl:#6a5410}.hg-o{--ac:#D85A30}.hg-b{--ac:#378ADD}.hg-g{--ac:#1D9E75}.hg-p{--ac:#7F77DD}.hg-a{border-left:4px solid var(--ac);background:var(--bg);border-radius:6px;padding:6px 10px;font-weight:700}.hg-f{margin:8px 0;padding:8px;border:1px solid var(--ln);border-radius:8px}.hg-w,.hg-x{font-size:14px;color:var(--m);margin-top:6px}.hg-w b,.hg-x b{margin-right:6px;font-weight:700}.hg-w b{color:var(--ac)}.hg-x b{color:#D85A30}.hg-v{display:inline-block;font-size:12px;border:1px solid var(--ln);border-radius:10px;padding:0 7px;color:var(--m);margin-top:6px}.hg-hl{background:var(--hl);border-radius:4px;padding:0 3px;font-weight:700}.hg-fl{display:flex;flex-wrap:wrap;align-items:center}.hg-fl span,.hg-fl i{margin:2px}.hg-fl .hg-e{border-style:dashed;background:none}.hg-fl span span{border:0;padding:0;margin:0;background:none}.hg-fl span{border:1px solid var(--ln);border-radius:6px;padding:2px 7px;background:var(--bg)}.hg-fl i{font-style:normal;font-size:13px;color:var(--m)}.hg-t{border-collapse:collapse;width:100%;font-size:14px}.hg-t td,.hg-t th{border:1px solid var(--ln);padding:4px 6px;vertical-align:top;text-align:left}.hg-t th{background:var(--bg);font-weight:700}.hg-tl{border-left:2px solid var(--ac);margin:2px 0 2px 6px;padding-left:10px}.hg-tl div{margin:3px 0}.hg-tl b{color:var(--ac)}.hg-q{font-weight:700;margin-bottom:4px}.hg-br div{margin:2px 0 2px 8px}.hg-tr ul{margin:2px 0 2px 14px;padding:0}.hg-tr li{margin:1px 0}.hg .cloze-inactive{font-size:0}.hg .cloze-inactive:after{content:'···';font-size:14px;color:var(--m)}</style><div class='hg hg-o'><div class=hg-a>📐 가르는 변수 = 지역분석인가 개별분석인가</div><div class=hg-f><table class=hg-t><tr><th>분석</th><th>근거 특성</th></tr><tr><td>지역분석</td><td><span class=hg-hl>부동성</span></td></tr><tr><td>개별분석</td><td><span class=hg-hl>개별성</span></td></tr></table></div></div>	공인중개사 부동산학개론 강조 T3	2026-09-27-부동산학개론-(비할인법~부동산가격공시제도 4회독).md	학개론-지역분석부동성-개별분석개별성
자격증::공인중개사::부동산학개론	cloze	부동산가격원칙 — 변동의 원칙 = 부동산가격은 끊임없이 변동된다 / 적합의 원칙 = 효용이 최고가 되기 위해 {{c1::외부환경}}과 적합해야 한다 / 균형의 원칙 = {{c2::내부 구성요소}}에 균형이 있어야 한다		공인중개사 부동산학개론 강조 기출직결 T1	2026-09-27-부동산학개론-(비할인법~부동산가격공시제도 4회독).md	학개론-가격원칙-변동적합균형
자격증::공인중개사::부동산학개론	cloze	감정평가 방법 — 토지와 건물을 함께, 구분소유권은 {{c1::거래사례비교법}} / 영업권·특허권·실용신안권·상표권 등의 권리는 {{c1::수익환원법}}	<style>.hg{--t:#1c1c1e;--m:#5f5f66;--bg:#f4f4f6;--ln:#d9d9de;--hl:#ffe9a8;--ac:#378ADD;color:var(--t);font-weight:400;text-align:left;font-size:16px;line-height:1.6;margin:8px auto 0;max-width:560px;word-break:keep-all}.nightMode .hg,.night_mode .hg{--t:#ececee;--m:#a9a9b0;--bg:#26262b;--ln:#3b3b42;--hl:#6a5410}.hg-o{--ac:#D85A30}.hg-b{--ac:#378ADD}.hg-g{--ac:#1D9E75}.hg-p{--ac:#7F77DD}.hg-a{border-left:4px solid var(--ac);background:var(--bg);border-radius:6px;padding:6px 10px;font-weight:700}.hg-f{margin:8px 0;padding:8px;border:1px solid var(--ln);border-radius:8px}.hg-w,.hg-x{font-size:14px;color:var(--m);margin-top:6px}.hg-w b,.hg-x b{margin-right:6px;font-weight:700}.hg-w b{color:var(--ac)}.hg-x b{color:#D85A30}.hg-v{display:inline-block;font-size:12px;border:1px solid var(--ln);border-radius:10px;padding:0 7px;color:var(--m);margin-top:6px}.hg-hl{background:var(--hl);border-radius:4px;padding:0 3px;font-weight:700}.hg-fl{display:flex;flex-wrap:wrap;align-items:center}.hg-fl span,.hg-fl i{margin:2px}.hg-fl .hg-e{border-style:dashed;background:none}.hg-fl span span{border:0;padding:0;margin:0;background:none}.hg-fl span{border:1px solid var(--ln);border-radius:6px;padding:2px 7px;background:var(--bg)}.hg-fl i{font-style:normal;font-size:13px;color:var(--m)}.hg-t{border-collapse:collapse;width:100%;font-size:14px}.hg-t td,.hg-t th{border:1px solid var(--ln);padding:4px 6px;vertical-align:top;text-align:left}.hg-t th{background:var(--bg);font-weight:700}.hg-tl{border-left:2px solid var(--ac);margin:2px 0 2px 6px;padding-left:10px}.hg-tl div{margin:3px 0}.hg-tl b{color:var(--ac)}.hg-q{font-weight:700;margin-bottom:4px}.hg-br div{margin:2px 0 2px 8px}.hg-tr ul{margin:2px 0 2px 14px;padding:0}.hg-tr li{margin:1px 0}.hg .cloze-inactive{font-size:0}.hg .cloze-inactive:after{content:'···';font-size:14px;color:var(--m)}</style><div class='hg hg-o'><div class=hg-a>📐 가르는 변수 = 물건(토지·건물·구분소유권)인가 권리인가</div><div class=hg-f><table class=hg-t><tr><th>대상</th><th>감정평가 방법</th></tr><tr><td>토지+건물 일괄, 구분소유권</td><td><span class=hg-hl>거래사례비교법</span></td></tr><tr><td>영업권·특허권·실용신안권·상표권</td><td><span class=hg-hl>수익환원법</span></td></tr></table></div></div>	공인중개사 부동산학개론 강조 기출직결 T3	2026-09-27-부동산학개론-(비할인법~부동산가격공시제도 4회독).md	학개론-일괄구분소유-거래사례-권리-수익환원
자격증::공인중개사::부동산학개론	cloze	단독주택가격공시 — {{c1::한국부동산원}} — 대통령령이 정하는 날 {{c2::6월 1일과 1월 1일}}	<style>.hg{--t:#1c1c1e;--m:#5f5f66;--bg:#f4f4f6;--ln:#d9d9de;--hl:#ffe9a8;--ac:#378ADD;color:var(--t);font-weight:400;text-align:left;font-size:16px;line-height:1.6;margin:8px auto 0;max-width:560px;word-break:keep-all}.nightMode .hg,.night_mode .hg{--t:#ececee;--m:#a9a9b0;--bg:#26262b;--ln:#3b3b42;--hl:#6a5410}.hg-o{--ac:#D85A30}.hg-b{--ac:#378ADD}.hg-g{--ac:#1D9E75}.hg-p{--ac:#7F77DD}.hg-a{border-left:4px solid var(--ac);background:var(--bg);border-radius:6px;padding:6px 10px;font-weight:700}.hg-f{margin:8px 0;padding:8px;border:1px solid var(--ln);border-radius:8px}.hg-w,.hg-x{font-size:14px;color:var(--m);margin-top:6px}.hg-w b,.hg-x b{margin-right:6px;font-weight:700}.hg-w b{color:var(--ac)}.hg-x b{color:#D85A30}.hg-v{display:inline-block;font-size:12px;border:1px solid var(--ln);border-radius:10px;padding:0 7px;color:var(--m);margin-top:6px}.hg-hl{background:var(--hl);border-radius:4px;padding:0 3px;font-weight:700}.hg-fl{display:flex;flex-wrap:wrap;align-items:center}.hg-fl span,.hg-fl i{margin:2px}.hg-fl .hg-e{border-style:dashed;background:none}.hg-fl span span{border:0;padding:0;margin:0;background:none}.hg-fl span{border:1px solid var(--ln);border-radius:6px;padding:2px 7px;background:var(--bg)}.hg-fl i{font-style:normal;font-size:13px;color:var(--m)}.hg-t{border-collapse:collapse;width:100%;font-size:14px}.hg-t td,.hg-t th{border:1px solid var(--ln);padding:4px 6px;vertical-align:top;text-align:left}.hg-t th{background:var(--bg);font-weight:700}.hg-tl{border-left:2px solid var(--ac);margin:2px 0 2px 6px;padding-left:10px}.hg-tl div{margin:3px 0}.hg-tl b{color:var(--ac)}.hg-q{font-weight:700;margin-bottom:4px}.hg-br div{margin:2px 0 2px 8px}.hg-tr ul{margin:2px 0 2px 14px;padding:0}.hg-tr li{margin:1px 0}.hg .cloze-inactive{font-size:0}.hg .cloze-inactive:after{content:'···';font-size:14px;color:var(--m)}</style><div class='hg hg-o'><div class=hg-w><b>기억</b> 주부6단</div></div>	공인중개사 부동산학개론 강조 기출직결 T1	2026-09-27-부동산학개론-(비할인법~부동산가격공시제도 4회독).md	학개론-단독주택가격공시-부동산원-6월1일1월1일
자격증::공인중개사::부동산학개론	cloze	개별(공시지가·주택가격)을 결정·공시하지 않을 수 있는 경우 = {{c1::조세 또는 부담금의 부과대상이 아닌 토지 · 국세 또는 지방세의 부과대상이 아닌 단독주택}}	<style>.hg{--t:#1c1c1e;--m:#5f5f66;--bg:#f4f4f6;--ln:#d9d9de;--hl:#ffe9a8;--ac:#378ADD;color:var(--t);font-weight:400;text-align:left;font-size:16px;line-height:1.6;margin:8px auto 0;max-width:560px;word-break:keep-all}.nightMode .hg,.night_mode .hg{--t:#ececee;--m:#a9a9b0;--bg:#26262b;--ln:#3b3b42;--hl:#6a5410}.hg-o{--ac:#D85A30}.hg-b{--ac:#378ADD}.hg-g{--ac:#1D9E75}.hg-p{--ac:#7F77DD}.hg-a{border-left:4px solid var(--ac);background:var(--bg);border-radius:6px;padding:6px 10px;font-weight:700}.hg-f{margin:8px 0;padding:8px;border:1px solid var(--ln);border-radius:8px}.hg-w,.hg-x{font-size:14px;color:var(--m);margin-top:6px}.hg-w b,.hg-x b{margin-right:6px;font-weight:700}.hg-w b{color:var(--ac)}.hg-x b{color:#D85A30}.hg-v{display:inline-block;font-size:12px;border:1px solid var(--ln);border-radius:10px;padding:0 7px;color:var(--m);margin-top:6px}.hg-hl{background:var(--hl);border-radius:4px;padding:0 3px;font-weight:700}.hg-fl{display:flex;flex-wrap:wrap;align-items:center}.hg-fl span,.hg-fl i{margin:2px}.hg-fl .hg-e{border-style:dashed;background:none}.hg-fl span span{border:0;padding:0;margin:0;background:none}.hg-fl span{border:1px solid var(--ln);border-radius:6px;padding:2px 7px;background:var(--bg)}.hg-fl i{font-style:normal;font-size:13px;color:var(--m)}.hg-t{border-collapse:collapse;width:100%;font-size:14px}.hg-t td,.hg-t th{border:1px solid var(--ln);padding:4px 6px;vertical-align:top;text-align:left}.hg-t th{background:var(--bg);font-weight:700}.hg-tl{border-left:2px solid var(--ac);margin:2px 0 2px 6px;padding-left:10px}.hg-tl div{margin:3px 0}.hg-tl b{color:var(--ac)}.hg-q{font-weight:700;margin-bottom:4px}.hg-br div{margin:2px 0 2px 8px}.hg-tr ul{margin:2px 0 2px 14px;padding:0}.hg-tr li{margin:1px 0}.hg .cloze-inactive{font-size:0}.hg .cloze-inactive:after{content:'···';font-size:14px;color:var(--m)}</style><div class='hg hg-o'><div class=hg-f><table class=hg-t><tr><th>개별</th><th>결정·공시 생략 가능</th></tr><tr><td>토지</td><td><span class=hg-hl>조세·부담금 부과대상 아님</span></td></tr><tr><td>단독주택</td><td><span class=hg-hl>국세·지방세 부과대상 아님</span></td></tr></table></div></div>	공인중개사 부동산학개론 강조 기출직결 T4	2026-09-27-부동산학개론-(비할인법~부동산가격공시제도 4회독).md	학개론-개별공시생략-비과세토지주택
자격증::법무사::민사소송법	cloze	소장심사 — 필수적 기재사항의 기재가 되어 있기만 하면, {{c1::불명확해 파악하기 어렵더라도}} 소장심사의 대상이 아니다	<style>.hg{--t:#1c1c1e;--m:#5f5f66;--bg:#f4f4f6;--ln:#d9d9de;--hl:#ffe9a8;--ac:#378ADD;color:var(--t);font-weight:400;text-align:left;font-size:16px;line-height:1.6;margin:8px auto 0;max-width:560px;word-break:keep-all}.nightMode .hg,.night_mode .hg{--t:#ececee;--m:#a9a9b0;--bg:#26262b;--ln:#3b3b42;--hl:#6a5410}.hg-o{--ac:#D85A30}.hg-b{--ac:#378ADD}.hg-g{--ac:#1D9E75}.hg-p{--ac:#7F77DD}.hg-a{border-left:4px solid var(--ac);background:var(--bg);border-radius:6px;padding:6px 10px;font-weight:700}.hg-f{margin:8px 0;padding:8px;border:1px solid var(--ln);border-radius:8px}.hg-w,.hg-x{font-size:14px;color:var(--m);margin-top:6px}.hg-w b,.hg-x b{margin-right:6px;font-weight:700}.hg-w b{color:var(--ac)}.hg-x b{color:#D85A30}.hg-v{display:inline-block;font-size:12px;border:1px solid var(--ln);border-radius:10px;padding:0 7px;color:var(--m);margin-top:6px}.hg-hl{background:var(--hl);border-radius:4px;padding:0 3px;font-weight:700}.hg-fl{display:flex;flex-wrap:wrap;align-items:center}.hg-fl span,.hg-fl i{margin:2px}.hg-fl .hg-e{border-style:dashed;background:none}.hg-fl span span{border:0;padding:0;margin:0;background:none}.hg-fl span{border:1px solid var(--ln);border-radius:6px;padding:2px 7px;background:var(--bg)}.hg-fl i{font-style:normal;font-size:13px;color:var(--m)}.hg-t{border-collapse:collapse;width:100%;font-size:14px}.hg-t td,.hg-t th{border:1px solid var(--ln);padding:4px 6px;vertical-align:top;text-align:left}.hg-t th{background:var(--bg);font-weight:700}.hg-tl{border-left:2px solid var(--ac);margin:2px 0 2px 6px;padding-left:10px}.hg-tl div{margin:3px 0}.hg-tl b{color:var(--ac)}.hg-q{font-weight:700;margin-bottom:4px}.hg-br div{margin:2px 0 2px 8px}.hg-tr ul{margin:2px 0 2px 14px;padding:0}.hg-tr li{margin:1px 0}.hg .cloze-inactive{font-size:0}.hg .cloze-inactive:after{content:'···';font-size:14px;color:var(--m)}</style><div class='hg hg-b'><div class=hg-a>📐 소장심사 = 형식 심사 → 소송요건·청구 이유 등 실질 심사 X</div></div>	법무사 민사소송법 2차 강조 T1	2026-09-23-민사소송법-2차-(소제기~재판권).md	민소-소장심사-불명확해도대상아님
자격증::법무사::민사소송법	cloze	소송계속이 발생하지 않는 것 = {{c1::공격방법인 선결적 법률관계 · 방어방법인 항변}} — 특정한 청구(소송물)에만 발생한다	<style>.hg{--t:#1c1c1e;--m:#5f5f66;--bg:#f4f4f6;--ln:#d9d9de;--hl:#ffe9a8;--ac:#378ADD;color:var(--t);font-weight:400;text-align:left;font-size:16px;line-height:1.6;margin:8px auto 0;max-width:560px;word-break:keep-all}.nightMode .hg,.night_mode .hg{--t:#ececee;--m:#a9a9b0;--bg:#26262b;--ln:#3b3b42;--hl:#6a5410}.hg-o{--ac:#D85A30}.hg-b{--ac:#378ADD}.hg-g{--ac:#1D9E75}.hg-p{--ac:#7F77DD}.hg-a{border-left:4px solid var(--ac);background:var(--bg);border-radius:6px;padding:6px 10px;font-weight:700}.hg-f{margin:8px 0;padding:8px;border:1px solid var(--ln);border-radius:8px}.hg-w,.hg-x{font-size:14px;color:var(--m);margin-top:6px}.hg-w b,.hg-x b{margin-right:6px;font-weight:700}.hg-w b{color:var(--ac)}.hg-x b{color:#D85A30}.hg-v{display:inline-block;font-size:12px;border:1px solid var(--ln);border-radius:10px;padding:0 7px;color:var(--m);margin-top:6px}.hg-hl{background:var(--hl);border-radius:4px;padding:0 3px;font-weight:700}.hg-fl{display:flex;flex-wrap:wrap;align-items:center}.hg-fl span,.hg-fl i{margin:2px}.hg-fl .hg-e{border-style:dashed;background:none}.hg-fl span span{border:0;padding:0;margin:0;background:none}.hg-fl span{border:1px solid var(--ln);border-radius:6px;padding:2px 7px;background:var(--bg)}.hg-fl i{font-style:normal;font-size:13px;color:var(--m)}.hg-t{border-collapse:collapse;width:100%;font-size:14px}.hg-t td,.hg-t th{border:1px solid var(--ln);padding:4px 6px;vertical-align:top;text-align:left}.hg-t th{background:var(--bg);font-weight:700}.hg-tl{border-left:2px solid var(--ac);margin:2px 0 2px 6px;padding-left:10px}.hg-tl div{margin:3px 0}.hg-tl b{color:var(--ac)}.hg-q{font-weight:700;margin-bottom:4px}.hg-br div{margin:2px 0 2px 8px}.hg-tr ul{margin:2px 0 2px 14px;padding:0}.hg-tr li{margin:1px 0}.hg .cloze-inactive{font-size:0}.hg .cloze-inactive:after{content:'···';font-size:14px;color:var(--m)}</style><div class='hg hg-b'><div class=hg-f><table class=hg-t><tr><th>구분</th><th>소송계속</th><th>의미</th></tr><tr><td>소송물</td><td>O</td><td>법원이 최종적으로 판결해야 하는 대상</td></tr><tr><td><span class=hg-hl>선결적 법률관계</span></td><td>X</td><td>소송물 판단을 위해 먼저 따져야 하는 법률관계(공격방법)</td></tr><tr><td><span class=hg-hl>항변</span></td><td>X</td><td>방어방법</td></tr></table></div></div>	법무사 민사소송법 2차 강조 기출직결 T4	2026-09-23-민사소송법-2차-(소제기~재판권).md	민소-소송계속-공격방어방법에는X
자격증::법무사::민사소송법	cloze	소송계속의 효과 3 = {{c1::중복소제기금지 · 소송참가·소송고지의 기회 · 관련청구의 재판적}}	<style>.hg{--t:#1c1c1e;--m:#5f5f66;--bg:#f4f4f6;--ln:#d9d9de;--hl:#ffe9a8;--ac:#378ADD;color:var(--t);font-weight:400;text-align:left;font-size:16px;line-height:1.6;margin:8px auto 0;max-width:560px;word-break:keep-all}.nightMode .hg,.night_mode .hg{--t:#ececee;--m:#a9a9b0;--bg:#26262b;--ln:#3b3b42;--hl:#6a5410}.hg-o{--ac:#D85A30}.hg-b{--ac:#378ADD}.hg-g{--ac:#1D9E75}.hg-p{--ac:#7F77DD}.hg-a{border-left:4px solid var(--ac);background:var(--bg);border-radius:6px;padding:6px 10px;font-weight:700}.hg-f{margin:8px 0;padding:8px;border:1px solid var(--ln);border-radius:8px}.hg-w,.hg-x{font-size:14px;color:var(--m);margin-top:6px}.hg-w b,.hg-x b{margin-right:6px;font-weight:700}.hg-w b{color:var(--ac)}.hg-x b{color:#D85A30}.hg-v{display:inline-block;font-size:12px;border:1px solid var(--ln);border-radius:10px;padding:0 7px;color:var(--m);margin-top:6px}.hg-hl{background:var(--hl);border-radius:4px;padding:0 3px;font-weight:700}.hg-fl{display:flex;flex-wrap:wrap;align-items:center}.hg-fl span,.hg-fl i{margin:2px}.hg-fl .hg-e{border-style:dashed;background:none}.hg-fl span span{border:0;padding:0;margin:0;background:none}.hg-fl span{border:1px solid var(--ln);border-radius:6px;padding:2px 7px;background:var(--bg)}.hg-fl i{font-style:normal;font-size:13px;color:var(--m)}.hg-t{border-collapse:collapse;width:100%;font-size:14px}.hg-t td,.hg-t th{border:1px solid var(--ln);padding:4px 6px;vertical-align:top;text-align:left}.hg-t th{background:var(--bg);font-weight:700}.hg-tl{border-left:2px solid var(--ac);margin:2px 0 2px 6px;padding-left:10px}.hg-tl div{margin:3px 0}.hg-tl b{color:var(--ac)}.hg-q{font-weight:700;margin-bottom:4px}.hg-br div{margin:2px 0 2px 8px}.hg-tr ul{margin:2px 0 2px 14px;padding:0}.hg-tr li{margin:1px 0}.hg .cloze-inactive{font-size:0}.hg .cloze-inactive:after{content:'···';font-size:14px;color:var(--m)}</style><div class='hg hg-b'><div class=hg-f><div class=hg-tr><ul><li>소송계속의 효과<ul><li><span class=hg-hl>중복소제기금지</span> — 전소 계속 중 동일한 후소 금지</li><li><span class=hg-hl>소송참가·소송고지의 기회</span></li><li><span class=hg-hl>관련청구의 재판적</span></li></ul></li></ul></div></div></div>	법무사 민사소송법 2차 강조 T4	2026-09-23-민사소송법-2차-(소제기~재판권).md	민소-소송계속-효과3
자격증::법무사::민사소송법	cloze	소송계속의 소멸 사유 = {{c1::소각하 · 판결의 확정 · 소의 취하 · 취하간주}} 등	<style>.hg{--t:#1c1c1e;--m:#5f5f66;--bg:#f4f4f6;--ln:#d9d9de;--hl:#ffe9a8;--ac:#378ADD;color:var(--t);font-weight:400;text-align:left;font-size:16px;line-height:1.6;margin:8px auto 0;max-width:560px;word-break:keep-all}.nightMode .hg,.night_mode .hg{--t:#ececee;--m:#a9a9b0;--bg:#26262b;--ln:#3b3b42;--hl:#6a5410}.hg-o{--ac:#D85A30}.hg-b{--ac:#378ADD}.hg-g{--ac:#1D9E75}.hg-p{--ac:#7F77DD}.hg-a{border-left:4px solid var(--ac);background:var(--bg);border-radius:6px;padding:6px 10px;font-weight:700}.hg-f{margin:8px 0;padding:8px;border:1px solid var(--ln);border-radius:8px}.hg-w,.hg-x{font-size:14px;color:var(--m);margin-top:6px}.hg-w b,.hg-x b{margin-right:6px;font-weight:700}.hg-w b{color:var(--ac)}.hg-x b{color:#D85A30}.hg-v{display:inline-block;font-size:12px;border:1px solid var(--ln);border-radius:10px;padding:0 7px;color:var(--m);margin-top:6px}.hg-hl{background:var(--hl);border-radius:4px;padding:0 3px;font-weight:700}.hg-fl{display:flex;flex-wrap:wrap;align-items:center}.hg-fl span,.hg-fl i{margin:2px}.hg-fl .hg-e{border-style:dashed;background:none}.hg-fl span span{border:0;padding:0;margin:0;background:none}.hg-fl span{border:1px solid var(--ln);border-radius:6px;padding:2px 7px;background:var(--bg)}.hg-fl i{font-style:normal;font-size:13px;color:var(--m)}.hg-t{border-collapse:collapse;width:100%;font-size:14px}.hg-t td,.hg-t th{border:1px solid var(--ln);padding:4px 6px;vertical-align:top;text-align:left}.hg-t th{background:var(--bg);font-weight:700}.hg-tl{border-left:2px solid var(--ac);margin:2px 0 2px 6px;padding-left:10px}.hg-tl div{margin:3px 0}.hg-tl b{color:var(--ac)}.hg-q{font-weight:700;margin-bottom:4px}.hg-br div{margin:2px 0 2px 8px}.hg-tr ul{margin:2px 0 2px 14px;padding:0}.hg-tr li{margin:1px 0}.hg .cloze-inactive{font-size:0}.hg .cloze-inactive:after{content:'···';font-size:14px;color:var(--m)}</style><div class='hg hg-b'><div class=hg-f><div class=hg-tr><ul><li>소송계속 소멸<ul><li><span class=hg-hl>소각하</span></li><li><span class=hg-hl>판결의 확정</span></li><li><span class=hg-hl>소의 취하</span></li><li><span class=hg-hl>취하간주</span></li></ul></li></ul></div></div></div>	법무사 민사소송법 2차 강조 T4	2026-09-23-민사소송법-2차-(소제기~재판권).md	민소-소송계속-소멸사유4
자격증::법무사::민사소송법	cloze	<style>.hg{--t:#1c1c1e;--m:#5f5f66;--bg:#f4f4f6;--ln:#d9d9de;--hl:#ffe9a8;--ac:#378ADD;color:var(--t);font-weight:400;text-align:left;font-size:16px;line-height:1.6;margin:8px auto 0;max-width:560px;word-break:keep-all}.nightMode .hg,.night_mode .hg{--t:#ececee;--m:#a9a9b0;--bg:#26262b;--ln:#3b3b42;--hl:#6a5410}.hg-o{--ac:#D85A30}.hg-b{--ac:#378ADD}.hg-g{--ac:#1D9E75}.hg-p{--ac:#7F77DD}.hg-a{border-left:4px solid var(--ac);background:var(--bg);border-radius:6px;padding:6px 10px;font-weight:700}.hg-f{margin:8px 0;padding:8px;border:1px solid var(--ln);border-radius:8px}.hg-w,.hg-x{font-size:14px;color:var(--m);margin-top:6px}.hg-w b,.hg-x b{margin-right:6px;font-weight:700}.hg-w b{color:var(--ac)}.hg-x b{color:#D85A30}.hg-v{display:inline-block;font-size:12px;border:1px solid var(--ln);border-radius:10px;padding:0 7px;color:var(--m);margin-top:6px}.hg-hl{background:var(--hl);border-radius:4px;padding:0 3px;font-weight:700}.hg-fl{display:flex;flex-wrap:wrap;align-items:center}.hg-fl span,.hg-fl i{margin:2px}.hg-fl .hg-e{border-style:dashed;background:none}.hg-fl span span{border:0;padding:0;margin:0;background:none}.hg-fl span{border:1px solid var(--ln);border-radius:6px;padding:2px 7px;background:var(--bg)}.hg-fl i{font-style:normal;font-size:13px;color:var(--m)}.hg-t{border-collapse:collapse;width:100%;font-size:14px}.hg-t td,.hg-t th{border:1px solid var(--ln);padding:4px 6px;vertical-align:top;text-align:left}.hg-t th{background:var(--bg);font-weight:700}.hg-tl{border-left:2px solid var(--ac);margin:2px 0 2px 6px;padding-left:10px}.hg-tl div{margin:3px 0}.hg-tl b{color:var(--ac)}.hg-q{font-weight:700;margin-bottom:4px}.hg-br div{margin:2px 0 2px 8px}.hg-tr ul{margin:2px 0 2px 14px;padding:0}.hg-tr li{margin:1px 0}.hg .cloze-inactive{font-size:0}.hg .cloze-inactive:after{content:'···';font-size:14px;color:var(--m)}</style><div class='hg hg-b'><div class=hg-q>소송요건 조사의 논증구도(개·자·시·결)</div><table class=hg-t><tr><th>단계</th><th>내용</th></tr><tr><td>개시</td><td>{{c1::직권조사사항 — 시작은 법원이 알아서 한다}}</td></tr><tr><td>자료의 수집·제출</td><td>{{c2::사실 주장·증명책임은 있으나 자백의 구속력은 없다}}</td></tr><tr><td>판단시기</td><td>{{c3::사실심 변론종결 시}}</td></tr></table></div>	<style>.hg .cloze-inactive{font-size:inherit}.hg .cloze-inactive:after{content:none}</style><div class='hg hg-b'><div class=hg-w><b>기억</b> 두문자 개·자·시·결 — 결(조사결과)은 별도 카드</div></div>	법무사 민사소송법 2차 강조 기출직결 T2	2026-09-23-민사소송법-2차-(소제기~재판권).md	민소-소송요건조사-개자시-가족표
자격증::법무사::민사소송법	cloze	소송요건 조사결과 — 흠결이면 {{c1::소각하 — 소송요건 심리는 본안보다 선순위}}		법무사 민사소송법 2차 강조 기출직결 T1	2026-09-23-민사소송법-2차-(소제기~재판권).md	민소-소송요건흠결-소각하-본안보다선순위
자격증::법무사::민사소송법	cloze	소송요건 조사 — 당사자적격 등 → {{c1::직권조사사항: 피고의 지적이 없어도 법원이 스스로 조사를 개시(피고의 다툼은 직권발동 촉구에 불과)}} / 중재합의 → {{c1::항변사항: 피고의 지적을 기다려 비로소 조사 개시(피고가 증명책임)}}	<style>.hg{--t:#1c1c1e;--m:#5f5f66;--bg:#f4f4f6;--ln:#d9d9de;--hl:#ffe9a8;--ac:#378ADD;color:var(--t);font-weight:400;text-align:left;font-size:16px;line-height:1.6;margin:8px auto 0;max-width:560px;word-break:keep-all}.nightMode .hg,.night_mode .hg{--t:#ececee;--m:#a9a9b0;--bg:#26262b;--ln:#3b3b42;--hl:#6a5410}.hg-o{--ac:#D85A30}.hg-b{--ac:#378ADD}.hg-g{--ac:#1D9E75}.hg-p{--ac:#7F77DD}.hg-a{border-left:4px solid var(--ac);background:var(--bg);border-radius:6px;padding:6px 10px;font-weight:700}.hg-f{margin:8px 0;padding:8px;border:1px solid var(--ln);border-radius:8px}.hg-w,.hg-x{font-size:14px;color:var(--m);margin-top:6px}.hg-w b,.hg-x b{margin-right:6px;font-weight:700}.hg-w b{color:var(--ac)}.hg-x b{color:#D85A30}.hg-v{display:inline-block;font-size:12px;border:1px solid var(--ln);border-radius:10px;padding:0 7px;color:var(--m);margin-top:6px}.hg-hl{background:var(--hl);border-radius:4px;padding:0 3px;font-weight:700}.hg-fl{display:flex;flex-wrap:wrap;align-items:center}.hg-fl span,.hg-fl i{margin:2px}.hg-fl .hg-e{border-style:dashed;background:none}.hg-fl span span{border:0;padding:0;margin:0;background:none}.hg-fl span{border:1px solid var(--ln);border-radius:6px;padding:2px 7px;background:var(--bg)}.hg-fl i{font-style:normal;font-size:13px;color:var(--m)}.hg-t{border-collapse:collapse;width:100%;font-size:14px}.hg-t td,.hg-t th{border:1px solid var(--ln);padding:4px 6px;vertical-align:top;text-align:left}.hg-t th{background:var(--bg);font-weight:700}.hg-tl{border-left:2px solid var(--ac);margin:2px 0 2px 6px;padding-left:10px}.hg-tl div{margin:3px 0}.hg-tl b{color:var(--ac)}.hg-q{font-weight:700;margin-bottom:4px}.hg-br div{margin:2px 0 2px 8px}.hg-tr ul{margin:2px 0 2px 14px;padding:0}.hg-tr li{margin:1px 0}.hg .cloze-inactive{font-size:0}.hg .cloze-inactive:after{content:'···';font-size:14px;color:var(--m)}</style><div class='hg hg-b'><div class=hg-a>📐 가르는 변수 = 피고의 지적이 있어야 조사가 시작되는가</div><div class=hg-f><table class=hg-t><tr><th>구분</th><th>조사 개시</th><th>예</th></tr><tr><td>직권조사사항</td><td><span class=hg-hl>피고 지적 없어도 법원이 스스로</span></td><td>당사자적격</td></tr><tr><td>항변사항</td><td><span class=hg-hl>피고의 지적을 기다려(피고 증명책임)</span></td><td>중재합의</td></tr></table></div></div>	법무사 민사소송법 2차 강조 기출직결 T3	2026-09-23-민사소송법-2차-(소제기~재판권).md	민소-직권조사사항vs항변사항
자격증::법무사::민사소송법	cloze	소송판결의 기판력은 그 판결에서 확정한 {{c1::당해 소송요건의 흠결}}에 관하여 미친다		법무사 민사소송법 2차 강조 기출직결 T1	2026-09-23-민사소송법-2차-(소제기~재판권).md	민소-소송판결기판력-당해소송요건흠결
자격증::법무사::민사소송법	cloze	흠결을 보완한 뒤 다시 제기한 소는 확정된 각하판결의 기판력 제한을 {{c1::받지 않는다 — 각하판결의 기판력은 새로운 청구에 미치지 않는다}}		법무사 민사소송법 2차 강조 기출직결 T1	2026-09-23-민사소송법-2차-(소제기~재판권).md	민소-각하판결기판력-새청구에X
자격증::법무사::민사소송법	cloze	외국국가에 대한 재판권 — 주권적 행위는 국내 재판권에서 {{c1::면제}}되고, 사법적 행위는 재판권이 {{c1::인정될 수 있다}}	<style>.hg{--t:#1c1c1e;--m:#5f5f66;--bg:#f4f4f6;--ln:#d9d9de;--hl:#ffe9a8;--ac:#378ADD;color:var(--t);font-weight:400;text-align:left;font-size:16px;line-height:1.6;margin:8px auto 0;max-width:560px;word-break:keep-all}.nightMode .hg,.night_mode .hg{--t:#ececee;--m:#a9a9b0;--bg:#26262b;--ln:#3b3b42;--hl:#6a5410}.hg-o{--ac:#D85A30}.hg-b{--ac:#378ADD}.hg-g{--ac:#1D9E75}.hg-p{--ac:#7F77DD}.hg-a{border-left:4px solid var(--ac);background:var(--bg);border-radius:6px;padding:6px 10px;font-weight:700}.hg-f{margin:8px 0;padding:8px;border:1px solid var(--ln);border-radius:8px}.hg-w,.hg-x{font-size:14px;color:var(--m);margin-top:6px}.hg-w b,.hg-x b{margin-right:6px;font-weight:700}.hg-w b{color:var(--ac)}.hg-x b{color:#D85A30}.hg-v{display:inline-block;font-size:12px;border:1px solid var(--ln);border-radius:10px;padding:0 7px;color:var(--m);margin-top:6px}.hg-hl{background:var(--hl);border-radius:4px;padding:0 3px;font-weight:700}.hg-fl{display:flex;flex-wrap:wrap;align-items:center}.hg-fl span,.hg-fl i{margin:2px}.hg-fl .hg-e{border-style:dashed;background:none}.hg-fl span span{border:0;padding:0;margin:0;background:none}.hg-fl span{border:1px solid var(--ln);border-radius:6px;padding:2px 7px;background:var(--bg)}.hg-fl i{font-style:normal;font-size:13px;color:var(--m)}.hg-t{border-collapse:collapse;width:100%;font-size:14px}.hg-t td,.hg-t th{border:1px solid var(--ln);padding:4px 6px;vertical-align:top;text-align:left}.hg-t th{background:var(--bg);font-weight:700}.hg-tl{border-left:2px solid var(--ac);margin:2px 0 2px 6px;padding-left:10px}.hg-tl div{margin:3px 0}.hg-tl b{color:var(--ac)}.hg-q{font-weight:700;margin-bottom:4px}.hg-br div{margin:2px 0 2px 8px}.hg-tr ul{margin:2px 0 2px 14px;padding:0}.hg-tr li{margin:1px 0}.hg .cloze-inactive{font-size:0}.hg .cloze-inactive:after{content:'···';font-size:14px;color:var(--m)}</style><div class='hg hg-b'><div class=hg-a>📐 가르는 변수 = 행위의 성격(주권적 / 사법적) — 상대적 면제주의</div><div class=hg-f><table class=hg-t><tr><th>외국국가의 행위</th><th>국내 재판권</th></tr><tr><td>주권적 행위</td><td><span class=hg-hl>면제</span></td></tr><tr><td>사법적 행위</td><td><span class=hg-hl>인정 가능</span></td></tr></table></div></div>	법무사 민사소송법 2차 강조 T3	2026-09-23-민사소송법-2차-(소제기~재판권).md	민소-외국국가재판권-주권적면제-사법적인정
자격증::법무사::민사소송법	cloze	관할의 논증구도 두문자 = {{c1::위발간효구}} → {{c1::관할위반 여부 → 발견 시 조치 → 간과판결의 효력 → 구제방법}}	<style>.hg{--t:#1c1c1e;--m:#5f5f66;--bg:#f4f4f6;--ln:#d9d9de;--hl:#ffe9a8;--ac:#378ADD;color:var(--t);font-weight:400;text-align:left;font-size:16px;line-height:1.6;margin:8px auto 0;max-width:560px;word-break:keep-all}.nightMode .hg,.night_mode .hg{--t:#ececee;--m:#a9a9b0;--bg:#26262b;--ln:#3b3b42;--hl:#6a5410}.hg-o{--ac:#D85A30}.hg-b{--ac:#378ADD}.hg-g{--ac:#1D9E75}.hg-p{--ac:#7F77DD}.hg-a{border-left:4px solid var(--ac);background:var(--bg);border-radius:6px;padding:6px 10px;font-weight:700}.hg-f{margin:8px 0;padding:8px;border:1px solid var(--ln);border-radius:8px}.hg-w,.hg-x{font-size:14px;color:var(--m);margin-top:6px}.hg-w b,.hg-x b{margin-right:6px;font-weight:700}.hg-w b{color:var(--ac)}.hg-x b{color:#D85A30}.hg-v{display:inline-block;font-size:12px;border:1px solid var(--ln);border-radius:10px;padding:0 7px;color:var(--m);margin-top:6px}.hg-hl{background:var(--hl);border-radius:4px;padding:0 3px;font-weight:700}.hg-fl{display:flex;flex-wrap:wrap;align-items:center}.hg-fl span,.hg-fl i{margin:2px}.hg-fl .hg-e{border-style:dashed;background:none}.hg-fl span span{border:0;padding:0;margin:0;background:none}.hg-fl span{border:1px solid var(--ln);border-radius:6px;padding:2px 7px;background:var(--bg)}.hg-fl i{font-style:normal;font-size:13px;color:var(--m)}.hg-t{border-collapse:collapse;width:100%;font-size:14px}.hg-t td,.hg-t th{border:1px solid var(--ln);padding:4px 6px;vertical-align:top;text-align:left}.hg-t th{background:var(--bg);font-weight:700}.hg-tl{border-left:2px solid var(--ac);margin:2px 0 2px 6px;padding-left:10px}.hg-tl div{margin:3px 0}.hg-tl b{color:var(--ac)}.hg-q{font-weight:700;margin-bottom:4px}.hg-br div{margin:2px 0 2px 8px}.hg-tr ul{margin:2px 0 2px 14px;padding:0}.hg-tr li{margin:1px 0}.hg .cloze-inactive{font-size:0}.hg .cloze-inactive:after{content:'···';font-size:14px;color:var(--m)}</style><div class='hg hg-b'><div class=hg-f><table class=hg-t><tr><th>두문자</th><th>단계</th></tr><tr><td><span class=hg-hl>위</span></td><td>관할위반 여부</td></tr><tr><td><span class=hg-hl>발</span></td><td>발견 시 조치</td></tr><tr><td><span class=hg-hl>간효</span></td><td>간과판결의 효력</td></tr><tr><td><span class=hg-hl>구</span></td><td>구제방법</td></tr></table></div></div>	법무사 민사소송법 2차 강조 기출직결 T4	2026-09-23-민사소송법-2차-(소제기~재판권).md	민소-관할논증구도-위발간효구
자격증::법무사::민사소송법	basic	관할의 종류 두 갈래는?	<style>.hg{--t:#1c1c1e;--m:#5f5f66;--bg:#f4f4f6;--ln:#d9d9de;--hl:#ffe9a8;--ac:#378ADD;color:var(--t);font-weight:400;text-align:left;font-size:16px;line-height:1.6;margin:8px auto 0;max-width:560px;word-break:keep-all}.nightMode .hg,.night_mode .hg{--t:#ececee;--m:#a9a9b0;--bg:#26262b;--ln:#3b3b42;--hl:#6a5410}.hg-o{--ac:#D85A30}.hg-b{--ac:#378ADD}.hg-g{--ac:#1D9E75}.hg-p{--ac:#7F77DD}.hg-a{border-left:4px solid var(--ac);background:var(--bg);border-radius:6px;padding:6px 10px;font-weight:700}.hg-f{margin:8px 0;padding:8px;border:1px solid var(--ln);border-radius:8px}.hg-w,.hg-x{font-size:14px;color:var(--m);margin-top:6px}.hg-w b,.hg-x b{margin-right:6px;font-weight:700}.hg-w b{color:var(--ac)}.hg-x b{color:#D85A30}.hg-v{display:inline-block;font-size:12px;border:1px solid var(--ln);border-radius:10px;padding:0 7px;color:var(--m);margin-top:6px}.hg-hl{background:var(--hl);border-radius:4px;padding:0 3px;font-weight:700}.hg-fl{display:flex;flex-wrap:wrap;align-items:center}.hg-fl span,.hg-fl i{margin:2px}.hg-fl .hg-e{border-style:dashed;background:none}.hg-fl span span{border:0;padding:0;margin:0;background:none}.hg-fl span{border:1px solid var(--ln);border-radius:6px;padding:2px 7px;background:var(--bg)}.hg-fl i{font-style:normal;font-size:13px;color:var(--m)}.hg-t{border-collapse:collapse;width:100%;font-size:14px}.hg-t td,.hg-t th{border:1px solid var(--ln);padding:4px 6px;vertical-align:top;text-align:left}.hg-t th{background:var(--bg);font-weight:700}.hg-tl{border-left:2px solid var(--ac);margin:2px 0 2px 6px;padding-left:10px}.hg-tl div{margin:3px 0}.hg-tl b{color:var(--ac)}.hg-q{font-weight:700;margin-bottom:4px}.hg-br div{margin:2px 0 2px 8px}.hg-tr ul{margin:2px 0 2px 14px;padding:0}.hg-tr li{margin:1px 0}.hg .cloze-inactive{font-size:0}.hg .cloze-inactive:after{content:'···';font-size:14px;color:var(--m)}</style><div class='hg hg-b'><div>법정관할과 거동관할(당사자 거동 기준) 등</div></div>	법무사 민사소송법 2차 강조 기출직결 T1	2026-09-23-민사소송법-2차-(소제기~재판권).md	민소-관할종류-법정거동
자격증::법무사::민사소송법	cloze	<style>.hg{--t:#1c1c1e;--m:#5f5f66;--bg:#f4f4f6;--ln:#d9d9de;--hl:#ffe9a8;--ac:#378ADD;color:var(--t);font-weight:400;text-align:left;font-size:16px;line-height:1.6;margin:8px auto 0;max-width:560px;word-break:keep-all}.nightMode .hg,.night_mode .hg{--t:#ececee;--m:#a9a9b0;--bg:#26262b;--ln:#3b3b42;--hl:#6a5410}.hg-o{--ac:#D85A30}.hg-b{--ac:#378ADD}.hg-g{--ac:#1D9E75}.hg-p{--ac:#7F77DD}.hg-a{border-left:4px solid var(--ac);background:var(--bg);border-radius:6px;padding:6px 10px;font-weight:700}.hg-f{margin:8px 0;padding:8px;border:1px solid var(--ln);border-radius:8px}.hg-w,.hg-x{font-size:14px;color:var(--m);margin-top:6px}.hg-w b,.hg-x b{margin-right:6px;font-weight:700}.hg-w b{color:var(--ac)}.hg-x b{color:#D85A30}.hg-v{display:inline-block;font-size:12px;border:1px solid var(--ln);border-radius:10px;padding:0 7px;color:var(--m);margin-top:6px}.hg-hl{background:var(--hl);border-radius:4px;padding:0 3px;font-weight:700}.hg-fl{display:flex;flex-wrap:wrap;align-items:center}.hg-fl span,.hg-fl i{margin:2px}.hg-fl .hg-e{border-style:dashed;background:none}.hg-fl span span{border:0;padding:0;margin:0;background:none}.hg-fl span{border:1px solid var(--ln);border-radius:6px;padding:2px 7px;background:var(--bg)}.hg-fl i{font-style:normal;font-size:13px;color:var(--m)}.hg-t{border-collapse:collapse;width:100%;font-size:14px}.hg-t td,.hg-t th{border:1px solid var(--ln);padding:4px 6px;vertical-align:top;text-align:left}.hg-t th{background:var(--bg);font-weight:700}.hg-tl{border-left:2px solid var(--ac);margin:2px 0 2px 6px;padding-left:10px}.hg-tl div{margin:3px 0}.hg-tl b{color:var(--ac)}.hg-q{font-weight:700;margin-bottom:4px}.hg-br div{margin:2px 0 2px 8px}.hg-tr ul{margin:2px 0 2px 14px;padding:0}.hg-tr li{margin:1px 0}.hg .cloze-inactive{font-size:0}.hg .cloze-inactive:after{content:'···';font-size:14px;color:var(--m)}</style><div class='hg hg-b'><div class=hg-tr><ul><li>관할의 종류<ul><li>법정관할 → {{c1::직분관할 · 사물관할 · 토지관할}}</li><li>거동관할(당사자 거동 기준) → {{c2::합의관할 · 변론관할}}</li></ul></li></ul></div></div>	<style>.hg .cloze-inactive{font-size:inherit}.hg .cloze-inactive:after{content:none}</style>	법무사 민사소송법 2차 강조 기출직결 T4	2026-09-23-민사소송법-2차-(소제기~재판권).md	민소-관할종류-법정3거동2-가족
자격증::법무사::민사소송법	cloze	1심 — 소가 {{c1::3000만원}} 이하 소액, 중간의 중액, {{c2::2억 초과~5억 이하}} 고액사건까지 단독사건 / {{c2::5억}} 초과 합의부사건		법무사 민사소송법 2차 강조 T1	2026-09-23-민사소송법-2차-(소제기~재판권).md	민소-1심-소액3000만-고액2억5억-합의부5억초과
자격증::법무사::민사소송법	cloze	2심 — {{c1::2억원}} 이하 지법 합의부, 초과 고등법원 / 3심 대법원		법무사 민사소송법 2차 강조 T1	2026-09-23-민사소송법-2차-(소제기~재판권).md	민소-2심-2억이하지법합의부
자격증::법무사::민사소송법	cloze	여러 청구의 소가는 합산한다 — 단 경제적 이익이 독립한 별개의 청구, 즉 {{c1::단순병합}}이어야 한다		법무사 민사소송법 2차 강조 T1	2026-09-23-민사소송법-2차-(소제기~재판권).md	민소-소가합산-단순병합
자격증::법무사::민사소송법	cloze	소가 합산의 예외 — 중복청구의 흡수: 경제적 이익이 동일하거나 중복되면 {{c1::가장 많은 가액}}으로 한다 (「민법」 제390조와 제750조의 선택적 경합)		법무사 민사소송법 2차 강조 기출직결 T1	2026-09-23-민사소송법-2차-(소제기~재판권).md	민소-소가예외-중복청구흡수-최다액
자격증::법무사::민사소송법	cloze	소가 합산의 예외 — 건물철거청구와 대지인도청구(「민법」 제213조·제214조)처럼 {{c1::수단인 청구}}의 가액은 소송목적의 값에 산입하지 않는다		법무사 민사소송법 2차 강조 기출직결 T1	2026-09-23-민사소송법-2차-(소제기~재판권).md	민소-소가예외-수단청구불산입
자격증::법무사::민사소송법	cloze	소가 합산의 예외 — 대여금청구의 원금에 {{c1::부대청구인 지연손해금}}은 합산하지 않는다		법무사 민사소송법 2차 강조 기출직결 T1	2026-09-23-민사소송법-2차-(소제기~재판권).md	민소-소가예외-부대청구불산입
자격증::법무사::민사소송법	basic	토지관할이란?	<style>.hg{--t:#1c1c1e;--m:#5f5f66;--bg:#f4f4f6;--ln:#d9d9de;--hl:#ffe9a8;--ac:#378ADD;color:var(--t);font-weight:400;text-align:left;font-size:16px;line-height:1.6;margin:8px auto 0;max-width:560px;word-break:keep-all}.nightMode .hg,.night_mode .hg{--t:#ececee;--m:#a9a9b0;--bg:#26262b;--ln:#3b3b42;--hl:#6a5410}.hg-o{--ac:#D85A30}.hg-b{--ac:#378ADD}.hg-g{--ac:#1D9E75}.hg-p{--ac:#7F77DD}.hg-a{border-left:4px solid var(--ac);background:var(--bg);border-radius:6px;padding:6px 10px;font-weight:700}.hg-f{margin:8px 0;padding:8px;border:1px solid var(--ln);border-radius:8px}.hg-w,.hg-x{font-size:14px;color:var(--m);margin-top:6px}.hg-w b,.hg-x b{margin-right:6px;font-weight:700}.hg-w b{color:var(--ac)}.hg-x b{color:#D85A30}.hg-v{display:inline-block;font-size:12px;border:1px solid var(--ln);border-radius:10px;padding:0 7px;color:var(--m);margin-top:6px}.hg-hl{background:var(--hl);border-radius:4px;padding:0 3px;font-weight:700}.hg-fl{display:flex;flex-wrap:wrap;align-items:center}.hg-fl span,.hg-fl i{margin:2px}.hg-fl .hg-e{border-style:dashed;background:none}.hg-fl span span{border:0;padding:0;margin:0;background:none}.hg-fl span{border:1px solid var(--ln);border-radius:6px;padding:2px 7px;background:var(--bg)}.hg-fl i{font-style:normal;font-size:13px;color:var(--m)}.hg-t{border-collapse:collapse;width:100%;font-size:14px}.hg-t td,.hg-t th{border:1px solid var(--ln);padding:4px 6px;vertical-align:top;text-align:left}.hg-t th{background:var(--bg);font-weight:700}.hg-tl{border-left:2px solid var(--ac);margin:2px 0 2px 6px;padding-left:10px}.hg-tl div{margin:3px 0}.hg-tl b{color:var(--ac)}.hg-q{font-weight:700;margin-bottom:4px}.hg-br div{margin:2px 0 2px 8px}.hg-tr ul{margin:2px 0 2px 14px;padding:0}.hg-tr li{margin:1px 0}.hg .cloze-inactive{font-size:0}.hg .cloze-inactive:after{content:'···';font-size:14px;color:var(--m)}</style><div class='hg hg-b'><div>소재지를 달리하는 동종의 법원 중 어느 법원에 재판권을 분담시킬 것인가를 정한 것</div></div>	법무사 민사소송법 2차 강조 기출직결 T1	2026-09-23-민사소송법-2차-(소제기~재판권).md	민소-토지관할-정의
자격증::법무사::민사소송법	cloze	토지관할의 기준이 되는 관련지점을 {{c1::재판적}}이라 한다	<style>.hg{--t:#1c1c1e;--m:#5f5f66;--bg:#f4f4f6;--ln:#d9d9de;--hl:#ffe9a8;--ac:#378ADD;color:var(--t);font-weight:400;text-align:left;font-size:16px;line-height:1.6;margin:8px auto 0;max-width:560px;word-break:keep-all}.nightMode .hg,.night_mode .hg{--t:#ececee;--m:#a9a9b0;--bg:#26262b;--ln:#3b3b42;--hl:#6a5410}.hg-o{--ac:#D85A30}.hg-b{--ac:#378ADD}.hg-g{--ac:#1D9E75}.hg-p{--ac:#7F77DD}.hg-a{border-left:4px solid var(--ac);background:var(--bg);border-radius:6px;padding:6px 10px;font-weight:700}.hg-f{margin:8px 0;padding:8px;border:1px solid var(--ln);border-radius:8px}.hg-w,.hg-x{font-size:14px;color:var(--m);margin-top:6px}.hg-w b,.hg-x b{margin-right:6px;font-weight:700}.hg-w b{color:var(--ac)}.hg-x b{color:#D85A30}.hg-v{display:inline-block;font-size:12px;border:1px solid var(--ln);border-radius:10px;padding:0 7px;color:var(--m);margin-top:6px}.hg-hl{background:var(--hl);border-radius:4px;padding:0 3px;font-weight:700}.hg-fl{display:flex;flex-wrap:wrap;align-items:center}.hg-fl span,.hg-fl i{margin:2px}.hg-fl .hg-e{border-style:dashed;background:none}.hg-fl span span{border:0;padding:0;margin:0;background:none}.hg-fl span{border:1px solid var(--ln);border-radius:6px;padding:2px 7px;background:var(--bg)}.hg-fl i{font-style:normal;font-size:13px;color:var(--m)}.hg-t{border-collapse:collapse;width:100%;font-size:14px}.hg-t td,.hg-t th{border:1px solid var(--ln);padding:4px 6px;vertical-align:top;text-align:left}.hg-t th{background:var(--bg);font-weight:700}.hg-tl{border-left:2px solid var(--ac);margin:2px 0 2px 6px;padding-left:10px}.hg-tl div{margin:3px 0}.hg-tl b{color:var(--ac)}.hg-q{font-weight:700;margin-bottom:4px}.hg-br div{margin:2px 0 2px 8px}.hg-tr ul{margin:2px 0 2px 14px;padding:0}.hg-tr li{margin:1px 0}.hg .cloze-inactive{font-size:0}.hg .cloze-inactive:after{content:'···';font-size:14px;color:var(--m)}</style><div class='hg hg-b'><div class=hg-w><b>기억</b> 본적의 '적'</div></div>	법무사 민사소송법 2차 강조 기출직결 T1	2026-09-23-민사소송법-2차-(소제기~재판권).md	민소-재판적-정의
자격증::법무사::민사소송법	cloze	재판적의 종류 두문자 = {{c1::보독관}} → {{c1::보통 · 독립 · 관련재판적}}	<style>.hg{--t:#1c1c1e;--m:#5f5f66;--bg:#f4f4f6;--ln:#d9d9de;--hl:#ffe9a8;--ac:#378ADD;color:var(--t);font-weight:400;text-align:left;font-size:16px;line-height:1.6;margin:8px auto 0;max-width:560px;word-break:keep-all}.nightMode .hg,.night_mode .hg{--t:#ececee;--m:#a9a9b0;--bg:#26262b;--ln:#3b3b42;--hl:#6a5410}.hg-o{--ac:#D85A30}.hg-b{--ac:#378ADD}.hg-g{--ac:#1D9E75}.hg-p{--ac:#7F77DD}.hg-a{border-left:4px solid var(--ac);background:var(--bg);border-radius:6px;padding:6px 10px;font-weight:700}.hg-f{margin:8px 0;padding:8px;border:1px solid var(--ln);border-radius:8px}.hg-w,.hg-x{font-size:14px;color:var(--m);margin-top:6px}.hg-w b,.hg-x b{margin-right:6px;font-weight:700}.hg-w b{color:var(--ac)}.hg-x b{color:#D85A30}.hg-v{display:inline-block;font-size:12px;border:1px solid var(--ln);border-radius:10px;padding:0 7px;color:var(--m);margin-top:6px}.hg-hl{background:var(--hl);border-radius:4px;padding:0 3px;font-weight:700}.hg-fl{display:flex;flex-wrap:wrap;align-items:center}.hg-fl span,.hg-fl i{margin:2px}.hg-fl .hg-e{border-style:dashed;background:none}.hg-fl span span{border:0;padding:0;margin:0;background:none}.hg-fl span{border:1px solid var(--ln);border-radius:6px;padding:2px 7px;background:var(--bg)}.hg-fl i{font-style:normal;font-size:13px;color:var(--m)}.hg-t{border-collapse:collapse;width:100%;font-size:14px}.hg-t td,.hg-t th{border:1px solid var(--ln);padding:4px 6px;vertical-align:top;text-align:left}.hg-t th{background:var(--bg);font-weight:700}.hg-tl{border-left:2px solid var(--ac);margin:2px 0 2px 6px;padding-left:10px}.hg-tl div{margin:3px 0}.hg-tl b{color:var(--ac)}.hg-q{font-weight:700;margin-bottom:4px}.hg-br div{margin:2px 0 2px 8px}.hg-tr ul{margin:2px 0 2px 14px;padding:0}.hg-tr li{margin:1px 0}.hg .cloze-inactive{font-size:0}.hg .cloze-inactive:after{content:'···';font-size:14px;color:var(--m)}</style><div class='hg hg-b'><div class=hg-f><table class=hg-t><tr><th>두문자</th><th>재판적</th></tr><tr><td><span class=hg-hl>보</span></td><td>보통재판적</td></tr><tr><td><span class=hg-hl>독</span></td><td>독립재판적</td></tr><tr><td><span class=hg-hl>관</span></td><td>관련재판적</td></tr></table></div></div>	법무사 민사소송법 2차 강조 기출직결 T4	2026-09-23-민사소송법-2차-(소제기~재판권).md	민소-재판적종류-보독관
자격증::법무사::민사소송법	cloze	<style>.hg{--t:#1c1c1e;--m:#5f5f66;--bg:#f4f4f6;--ln:#d9d9de;--hl:#ffe9a8;--ac:#378ADD;color:var(--t);font-weight:400;text-align:left;font-size:16px;line-height:1.6;margin:8px auto 0;max-width:560px;word-break:keep-all}.nightMode .hg,.night_mode .hg{--t:#ececee;--m:#a9a9b0;--bg:#26262b;--ln:#3b3b42;--hl:#6a5410}.hg-o{--ac:#D85A30}.hg-b{--ac:#378ADD}.hg-g{--ac:#1D9E75}.hg-p{--ac:#7F77DD}.hg-a{border-left:4px solid var(--ac);background:var(--bg);border-radius:6px;padding:6px 10px;font-weight:700}.hg-f{margin:8px 0;padding:8px;border:1px solid var(--ln);border-radius:8px}.hg-w,.hg-x{font-size:14px;color:var(--m);margin-top:6px}.hg-w b,.hg-x b{margin-right:6px;font-weight:700}.hg-w b{color:var(--ac)}.hg-x b{color:#D85A30}.hg-v{display:inline-block;font-size:12px;border:1px solid var(--ln);border-radius:10px;padding:0 7px;color:var(--m);margin-top:6px}.hg-hl{background:var(--hl);border-radius:4px;padding:0 3px;font-weight:700}.hg-fl{display:flex;flex-wrap:wrap;align-items:center}.hg-fl span,.hg-fl i{margin:2px}.hg-fl .hg-e{border-style:dashed;background:none}.hg-fl span span{border:0;padding:0;margin:0;background:none}.hg-fl span{border:1px solid var(--ln);border-radius:6px;padding:2px 7px;background:var(--bg)}.hg-fl i{font-style:normal;font-size:13px;color:var(--m)}.hg-t{border-collapse:collapse;width:100%;font-size:14px}.hg-t td,.hg-t th{border:1px solid var(--ln);padding:4px 6px;vertical-align:top;text-align:left}.hg-t th{background:var(--bg);font-weight:700}.hg-tl{border-left:2px solid var(--ac);margin:2px 0 2px 6px;padding-left:10px}.hg-tl div{margin:3px 0}.hg-tl b{color:var(--ac)}.hg-q{font-weight:700;margin-bottom:4px}.hg-br div{margin:2px 0 2px 8px}.hg-tr ul{margin:2px 0 2px 14px;padding:0}.hg-tr li{margin:1px 0}.hg .cloze-inactive{font-size:0}.hg .cloze-inactive:after{content:'···';font-size:14px;color:var(--m)}</style><div class='hg hg-b'><div class=hg-q>재판적 3종 — 무엇을 기준으로 정해지나</div><table class=hg-t><tr><th>재판적</th><th>내용</th></tr><tr><td>보통재판적</td><td>{{c1::피고의 보통재판적이 있는 곳의 법원 — 사람은 주소, 법인은 주된 사무소 소재지}}</td></tr><tr><td>독립재판적</td><td>{{c2::사건마다 지정될 수 있다}}</td></tr><tr><td>관련재판적</td><td>{{c3::병합소송을 전제로 지정될 수 있다}}</td></tr></table></div>	<style>.hg .cloze-inactive{font-size:inherit}.hg .cloze-inactive:after{content:none}</style>	법무사 민사소송법 2차 강조 기출직결 T2	2026-09-23-민사소송법-2차-(소제기~재판권).md	민소-재판적3종-가족표
자격증::법무사::민사소송법	cloze	의무이행지(독립재판적) — 금전지급채무의 이행을 구하는 소 → {{c1::채권자인 원고의 주소지}} / 부동산 등기의무 → {{c1::등기소 소재지}}	<style>.hg{--t:#1c1c1e;--m:#5f5f66;--bg:#f4f4f6;--ln:#d9d9de;--hl:#ffe9a8;--ac:#378ADD;color:var(--t);font-weight:400;text-align:left;font-size:16px;line-height:1.6;margin:8px auto 0;max-width:560px;word-break:keep-all}.nightMode .hg,.night_mode .hg{--t:#ececee;--m:#a9a9b0;--bg:#26262b;--ln:#3b3b42;--hl:#6a5410}.hg-o{--ac:#D85A30}.hg-b{--ac:#378ADD}.hg-g{--ac:#1D9E75}.hg-p{--ac:#7F77DD}.hg-a{border-left:4px solid var(--ac);background:var(--bg);border-radius:6px;padding:6px 10px;font-weight:700}.hg-f{margin:8px 0;padding:8px;border:1px solid var(--ln);border-radius:8px}.hg-w,.hg-x{font-size:14px;color:var(--m);margin-top:6px}.hg-w b,.hg-x b{margin-right:6px;font-weight:700}.hg-w b{color:var(--ac)}.hg-x b{color:#D85A30}.hg-v{display:inline-block;font-size:12px;border:1px solid var(--ln);border-radius:10px;padding:0 7px;color:var(--m);margin-top:6px}.hg-hl{background:var(--hl);border-radius:4px;padding:0 3px;font-weight:700}.hg-fl{display:flex;flex-wrap:wrap;align-items:center}.hg-fl span,.hg-fl i{margin:2px}.hg-fl .hg-e{border-style:dashed;background:none}.hg-fl span span{border:0;padding:0;margin:0;background:none}.hg-fl span{border:1px solid var(--ln);border-radius:6px;padding:2px 7px;background:var(--bg)}.hg-fl i{font-style:normal;font-size:13px;color:var(--m)}.hg-t{border-collapse:collapse;width:100%;font-size:14px}.hg-t td,.hg-t th{border:1px solid var(--ln);padding:4px 6px;vertical-align:top;text-align:left}.hg-t th{background:var(--bg);font-weight:700}.hg-tl{border-left:2px solid var(--ac);margin:2px 0 2px 6px;padding-left:10px}.hg-tl div{margin:3px 0}.hg-tl b{color:var(--ac)}.hg-q{font-weight:700;margin-bottom:4px}.hg-br div{margin:2px 0 2px 8px}.hg-tr ul{margin:2px 0 2px 14px;padding:0}.hg-tr li{margin:1px 0}.hg .cloze-inactive{font-size:0}.hg .cloze-inactive:after{content:'···';font-size:14px;color:var(--m)}</style><div class='hg hg-b'><div class=hg-a>📐 가르는 변수 = 채무의 종류(금전 / 등기의무)</div><div class=hg-f><table class=hg-t><tr><th>채무</th><th>의무이행지</th></tr><tr><td>금전지급채무(지참채무)</td><td><span class=hg-hl>채권자인 원고의 주소지</span></td></tr><tr><td>부동산 등기의무</td><td><span class=hg-hl>등기소 소재지</span></td></tr></table></div><div class=hg-w><b>왜</b> 금전지급채무는 지참채무의 원칙상 채권자의 주소지에서 이행하는 것이 원칙</div></div>	법무사 민사소송법 2차 강조 기출직결 T3	2026-09-25-민사소송법-2차-(재판권~당사자확정 초입).md	민소-의무이행지-금전원고주소-등기등기소
자격증::법무사::민사소송법	cloze	사무소 또는 영업소에 계속하여 근무하는 사람에 대한 소 → {{c1::그 사무소 또는 영업소가 있는 곳}}을 관할하는 법원에 제기할 수 있다		법무사 민사소송법 2차 강조 T1	2026-09-25-민사소송법-2차-(재판권~당사자확정 초입).md	민소-근무지재판적-사무소영업소소재지
자격증::법무사::민사소송법	cloze	관련재판적의 요건(제25조) 두문자 = {{c1::여관전}} → {{c1::한 개의 소로써 여러 개의 청구 · 수소법원이 적어도 한 청구에 관할권 · 다른 법원의 전속관할 청구가 아닐 것}}	<style>.hg{--t:#1c1c1e;--m:#5f5f66;--bg:#f4f4f6;--ln:#d9d9de;--hl:#ffe9a8;--ac:#378ADD;color:var(--t);font-weight:400;text-align:left;font-size:16px;line-height:1.6;margin:8px auto 0;max-width:560px;word-break:keep-all}.nightMode .hg,.night_mode .hg{--t:#ececee;--m:#a9a9b0;--bg:#26262b;--ln:#3b3b42;--hl:#6a5410}.hg-o{--ac:#D85A30}.hg-b{--ac:#378ADD}.hg-g{--ac:#1D9E75}.hg-p{--ac:#7F77DD}.hg-a{border-left:4px solid var(--ac);background:var(--bg);border-radius:6px;padding:6px 10px;font-weight:700}.hg-f{margin:8px 0;padding:8px;border:1px solid var(--ln);border-radius:8px}.hg-w,.hg-x{font-size:14px;color:var(--m);margin-top:6px}.hg-w b,.hg-x b{margin-right:6px;font-weight:700}.hg-w b{color:var(--ac)}.hg-x b{color:#D85A30}.hg-v{display:inline-block;font-size:12px;border:1px solid var(--ln);border-radius:10px;padding:0 7px;color:var(--m);margin-top:6px}.hg-hl{background:var(--hl);border-radius:4px;padding:0 3px;font-weight:700}.hg-fl{display:flex;flex-wrap:wrap;align-items:center}.hg-fl span,.hg-fl i{margin:2px}.hg-fl .hg-e{border-style:dashed;background:none}.hg-fl span span{border:0;padding:0;margin:0;background:none}.hg-fl span{border:1px solid var(--ln);border-radius:6px;padding:2px 7px;background:var(--bg)}.hg-fl i{font-style:normal;font-size:13px;color:var(--m)}.hg-t{border-collapse:collapse;width:100%;font-size:14px}.hg-t td,.hg-t th{border:1px solid var(--ln);padding:4px 6px;vertical-align:top;text-align:left}.hg-t th{background:var(--bg);font-weight:700}.hg-tl{border-left:2px solid var(--ac);margin:2px 0 2px 6px;padding-left:10px}.hg-tl div{margin:3px 0}.hg-tl b{color:var(--ac)}.hg-q{font-weight:700;margin-bottom:4px}.hg-br div{margin:2px 0 2px 8px}.hg-tr ul{margin:2px 0 2px 14px;padding:0}.hg-tr li{margin:1px 0}.hg .cloze-inactive{font-size:0}.hg .cloze-inactive:after{content:'···';font-size:14px;color:var(--m)}</style><div class='hg hg-b'><div class=hg-f><table class=hg-t><tr><th>두문자</th><th>요건</th></tr><tr><td><span class=hg-hl>여</span></td><td>한 개의 소로써 여러 개의 청구를 할 것</td></tr><tr><td><span class=hg-hl>관</span></td><td>수소법원이 그중 적어도 한 청구에 관할권을 가질 것</td></tr><tr><td><span class=hg-hl>전</span></td><td>다른 법원의 전속관할에 속하는 청구가 아닐 것</td></tr></table></div></div>	법무사 민사소송법 2차 강조 기출직결 T4	2026-09-25-민사소송법-2차-(재판권~당사자확정 초입).md	민소-관련재판적요건-여관전
자격증::법무사::민사소송법	cloze	제25조 제2항 — 권리·의무가 여러 사람에게 공통되거나 같은 원인으로 여러 사람이 공동소송인이 되는 경우에도 제1항을 준용하여 {{c1::여러 당사자의 법원 가운데 하나의 법원}}에 소를 제기할 수 있다		법무사 민사소송법 2차 강조 기출직결 T1	2026-09-25-민사소송법-2차-(재판권~당사자확정 초입).md	민소-관련재판적-공동소송인준용-하나의법원
자격증::법무사::민사소송법	cloze	공동소송인에 대한 관련재판적 적용은 민사소송법 {{c1::제65조 전문}}에 해당하는 실질적 관련성(깊은 관련성)을 가진 경우에만 인정된다		법무사 민사소송법 2차 강조 기출직결 T1	2026-09-25-민사소송법-2차-(재판권~당사자확정 초입).md	민소-관련재판적-공동소송인-65조전문
자격증::법무사::민사소송법	cloze	합의관할의 요건 두문자 = {{c1::1대법서}} → {{c1::제1심법원의 임의관할(전속관할 X) · 합의 대상 소송의 특정 · 관할법원의 특정 · 서면 방식}}	<style>.hg{--t:#1c1c1e;--m:#5f5f66;--bg:#f4f4f6;--ln:#d9d9de;--hl:#ffe9a8;--ac:#378ADD;color:var(--t);font-weight:400;text-align:left;font-size:16px;line-height:1.6;margin:8px auto 0;max-width:560px;word-break:keep-all}.nightMode .hg,.night_mode .hg{--t:#ececee;--m:#a9a9b0;--bg:#26262b;--ln:#3b3b42;--hl:#6a5410}.hg-o{--ac:#D85A30}.hg-b{--ac:#378ADD}.hg-g{--ac:#1D9E75}.hg-p{--ac:#7F77DD}.hg-a{border-left:4px solid var(--ac);background:var(--bg);border-radius:6px;padding:6px 10px;font-weight:700}.hg-f{margin:8px 0;padding:8px;border:1px solid var(--ln);border-radius:8px}.hg-w,.hg-x{font-size:14px;color:var(--m);margin-top:6px}.hg-w b,.hg-x b{margin-right:6px;font-weight:700}.hg-w b{color:var(--ac)}.hg-x b{color:#D85A30}.hg-v{display:inline-block;font-size:12px;border:1px solid var(--ln);border-radius:10px;padding:0 7px;color:var(--m);margin-top:6px}.hg-hl{background:var(--hl);border-radius:4px;padding:0 3px;font-weight:700}.hg-fl{display:flex;flex-wrap:wrap;align-items:center}.hg-fl span,.hg-fl i{margin:2px}.hg-fl .hg-e{border-style:dashed;background:none}.hg-fl span span{border:0;padding:0;margin:0;background:none}.hg-fl span{border:1px solid var(--ln);border-radius:6px;padding:2px 7px;background:var(--bg)}.hg-fl i{font-style:normal;font-size:13px;color:var(--m)}.hg-t{border-collapse:collapse;width:100%;font-size:14px}.hg-t td,.hg-t th{border:1px solid var(--ln);padding:4px 6px;vertical-align:top;text-align:left}.hg-t th{background:var(--bg);font-weight:700}.hg-tl{border-left:2px solid var(--ac);margin:2px 0 2px 6px;padding-left:10px}.hg-tl div{margin:3px 0}.hg-tl b{color:var(--ac)}.hg-q{font-weight:700;margin-bottom:4px}.hg-br div{margin:2px 0 2px 8px}.hg-tr ul{margin:2px 0 2px 14px;padding:0}.hg-tr li{margin:1px 0}.hg .cloze-inactive{font-size:0}.hg .cloze-inactive:after{content:'···';font-size:14px;color:var(--m)}</style><div class='hg hg-b'><div class=hg-f><table class=hg-t><tr><th>두문자</th><th>요건</th></tr><tr><td><span class=hg-hl>1</span></td><td>제1심법원의 임의관할일 것(전속관할 X)</td></tr><tr><td><span class=hg-hl>대</span></td><td>합의의 대상인 소송이 특정될 것</td></tr><tr><td><span class=hg-hl>법</span></td><td>관할법원이 특정될 것</td></tr><tr><td><span class=hg-hl>서</span></td><td>서면 방식의 합의일 것</td></tr></table></div></div>	법무사 민사소송법 2차 강조 T4	2026-09-25-민사소송법-2차-(재판권~당사자확정 초입).md	민소-합의관할요건-1대법서
자격증::법무사::민사소송법	cloze	전속적 합의관할도 그 성질상 {{c1::임의관할}}이므로, 원고가 합의를 무시한 채 다른 법정관할법원에 소를 제기하여도 피고가 이의 없이 본안변론을 하면 {{c1::변론관할이 생긴다}}		법무사 민사소송법 2차 강조 T1	2026-09-25-민사소송법-2차-(재판권~당사자확정 초입).md	민소-전속적합의관할-성질임의관할
자격증::법무사::민사소송법	cloze	관할합의의 효력 — 특정승계인: 소송물이 채권관계이면 {{c1::미친다(계약자유의 원칙)}}, 물권이면 {{c1::절대 미치지 않는다}} (당사자·포괄승계인은 기본)	<style>.hg{--t:#1c1c1e;--m:#5f5f66;--bg:#f4f4f6;--ln:#d9d9de;--hl:#ffe9a8;--ac:#378ADD;color:var(--t);font-weight:400;text-align:left;font-size:16px;line-height:1.6;margin:8px auto 0;max-width:560px;word-break:keep-all}.nightMode .hg,.night_mode .hg{--t:#ececee;--m:#a9a9b0;--bg:#26262b;--ln:#3b3b42;--hl:#6a5410}.hg-o{--ac:#D85A30}.hg-b{--ac:#378ADD}.hg-g{--ac:#1D9E75}.hg-p{--ac:#7F77DD}.hg-a{border-left:4px solid var(--ac);background:var(--bg);border-radius:6px;padding:6px 10px;font-weight:700}.hg-f{margin:8px 0;padding:8px;border:1px solid var(--ln);border-radius:8px}.hg-w,.hg-x{font-size:14px;color:var(--m);margin-top:6px}.hg-w b,.hg-x b{margin-right:6px;font-weight:700}.hg-w b{color:var(--ac)}.hg-x b{color:#D85A30}.hg-v{display:inline-block;font-size:12px;border:1px solid var(--ln);border-radius:10px;padding:0 7px;color:var(--m);margin-top:6px}.hg-hl{background:var(--hl);border-radius:4px;padding:0 3px;font-weight:700}.hg-fl{display:flex;flex-wrap:wrap;align-items:center}.hg-fl span,.hg-fl i{margin:2px}.hg-fl .hg-e{border-style:dashed;background:none}.hg-fl span span{border:0;padding:0;margin:0;background:none}.hg-fl span{border:1px solid var(--ln);border-radius:6px;padding:2px 7px;background:var(--bg)}.hg-fl i{font-style:normal;font-size:13px;color:var(--m)}.hg-t{border-collapse:collapse;width:100%;font-size:14px}.hg-t td,.hg-t th{border:1px solid var(--ln);padding:4px 6px;vertical-align:top;text-align:left}.hg-t th{background:var(--bg);font-weight:700}.hg-tl{border-left:2px solid var(--ac);margin:2px 0 2px 6px;padding-left:10px}.hg-tl div{margin:3px 0}.hg-tl b{color:var(--ac)}.hg-q{font-weight:700;margin-bottom:4px}.hg-br div{margin:2px 0 2px 8px}.hg-tr ul{margin:2px 0 2px 14px;padding:0}.hg-tr li{margin:1px 0}.hg .cloze-inactive{font-size:0}.hg .cloze-inactive:after{content:'···';font-size:14px;color:var(--m)}</style><div class='hg hg-b'><div class=hg-a>📐 특정승계인에게 관할합의가 미치는가 → 소송물이 채권관계인가?</div><div class=hg-f><table class=hg-t><tr><th>특정승계인</th><th>합의 효력</th><th>예</th></tr><tr><td>채권관계</td><td><span class=hg-hl>O</span></td><td>대출금채권 양수인</td></tr><tr><td>물권</td><td><span class=hg-hl>X</span></td><td>근저당 부동산 매수인</td></tr></table></div></div>	법무사 민사소송법 2차 강조 T3	2026-09-25-민사소송법-2차-(재판권~당사자확정 초입).md	민소-관할합의효력-특정승계인-채권O물권X
자격증::법무사::민사소송법	cloze	변론관할의 요건 2 = {{c1::소가 관할권 없는 제1심법원에 제기될 것 · 피고가 관할위반의 항변 없이 본안에 관하여 변론할 것}} → 관할 창설	<style>.hg{--t:#1c1c1e;--m:#5f5f66;--bg:#f4f4f6;--ln:#d9d9de;--hl:#ffe9a8;--ac:#378ADD;color:var(--t);font-weight:400;text-align:left;font-size:16px;line-height:1.6;margin:8px auto 0;max-width:560px;word-break:keep-all}.nightMode .hg,.night_mode .hg{--t:#ececee;--m:#a9a9b0;--bg:#26262b;--ln:#3b3b42;--hl:#6a5410}.hg-o{--ac:#D85A30}.hg-b{--ac:#378ADD}.hg-g{--ac:#1D9E75}.hg-p{--ac:#7F77DD}.hg-a{border-left:4px solid var(--ac);background:var(--bg);border-radius:6px;padding:6px 10px;font-weight:700}.hg-f{margin:8px 0;padding:8px;border:1px solid var(--ln);border-radius:8px}.hg-w,.hg-x{font-size:14px;color:var(--m);margin-top:6px}.hg-w b,.hg-x b{margin-right:6px;font-weight:700}.hg-w b{color:var(--ac)}.hg-x b{color:#D85A30}.hg-v{display:inline-block;font-size:12px;border:1px solid var(--ln);border-radius:10px;padding:0 7px;color:var(--m);margin-top:6px}.hg-hl{background:var(--hl);border-radius:4px;padding:0 3px;font-weight:700}.hg-fl{display:flex;flex-wrap:wrap;align-items:center}.hg-fl span,.hg-fl i{margin:2px}.hg-fl .hg-e{border-style:dashed;background:none}.hg-fl span span{border:0;padding:0;margin:0;background:none}.hg-fl span{border:1px solid var(--ln);border-radius:6px;padding:2px 7px;background:var(--bg)}.hg-fl i{font-style:normal;font-size:13px;color:var(--m)}.hg-t{border-collapse:collapse;width:100%;font-size:14px}.hg-t td,.hg-t th{border:1px solid var(--ln);padding:4px 6px;vertical-align:top;text-align:left}.hg-t th{background:var(--bg);font-weight:700}.hg-tl{border-left:2px solid var(--ac);margin:2px 0 2px 6px;padding-left:10px}.hg-tl div{margin:3px 0}.hg-tl b{color:var(--ac)}.hg-q{font-weight:700;margin-bottom:4px}.hg-br div{margin:2px 0 2px 8px}.hg-tr ul{margin:2px 0 2px 14px;padding:0}.hg-tr li{margin:1px 0}.hg .cloze-inactive{font-size:0}.hg .cloze-inactive:after{content:'···';font-size:14px;color:var(--m)}</style><div class='hg hg-b'><div class=hg-f><div class=hg-tr><ul><li>변론관할(관할 창설)<ul><li><span class=hg-hl>관할권 없는 제1심법원에 소 제기</span></li><li><span class=hg-hl>피고가 관할위반 항변 없이 본안 변론</span></li></ul></li></ul></div></div></div>	법무사 민사소송법 2차 강조 T4	2026-09-25-민사소송법-2차-(재판권~당사자확정 초입).md	민소-변론관할요건2
자격증::법무사::민사소송법	cloze	관할위반에 의한 이송은 직권조사사항으로, 소송당사자에게 {{c1::이송신청권}}이 있지 않다		법무사 민사소송법 2차 강조 T1	2026-09-25-민사소송법-2차-(재판권~당사자확정 초입).md	민소-관할위반이송-직권-이송신청권X
자격증::법무사::민사소송법	cloze	관할위반 이송신청 기각·각하결정에 대해 — 상대방의 즉시항고는 {{c1::허용}} / 신청자의 즉시항고·특별항고 등은 {{c1::어느 것도 허용되지 않는다}}	<style>.hg{--t:#1c1c1e;--m:#5f5f66;--bg:#f4f4f6;--ln:#d9d9de;--hl:#ffe9a8;--ac:#378ADD;color:var(--t);font-weight:400;text-align:left;font-size:16px;line-height:1.6;margin:8px auto 0;max-width:560px;word-break:keep-all}.nightMode .hg,.night_mode .hg{--t:#ececee;--m:#a9a9b0;--bg:#26262b;--ln:#3b3b42;--hl:#6a5410}.hg-o{--ac:#D85A30}.hg-b{--ac:#378ADD}.hg-g{--ac:#1D9E75}.hg-p{--ac:#7F77DD}.hg-a{border-left:4px solid var(--ac);background:var(--bg);border-radius:6px;padding:6px 10px;font-weight:700}.hg-f{margin:8px 0;padding:8px;border:1px solid var(--ln);border-radius:8px}.hg-w,.hg-x{font-size:14px;color:var(--m);margin-top:6px}.hg-w b,.hg-x b{margin-right:6px;font-weight:700}.hg-w b{color:var(--ac)}.hg-x b{color:#D85A30}.hg-v{display:inline-block;font-size:12px;border:1px solid var(--ln);border-radius:10px;padding:0 7px;color:var(--m);margin-top:6px}.hg-hl{background:var(--hl);border-radius:4px;padding:0 3px;font-weight:700}.hg-fl{display:flex;flex-wrap:wrap;align-items:center}.hg-fl span,.hg-fl i{margin:2px}.hg-fl .hg-e{border-style:dashed;background:none}.hg-fl span span{border:0;padding:0;margin:0;background:none}.hg-fl span{border:1px solid var(--ln);border-radius:6px;padding:2px 7px;background:var(--bg)}.hg-fl i{font-style:normal;font-size:13px;color:var(--m)}.hg-t{border-collapse:collapse;width:100%;font-size:14px}.hg-t td,.hg-t th{border:1px solid var(--ln);padding:4px 6px;vertical-align:top;text-align:left}.hg-t th{background:var(--bg);font-weight:700}.hg-tl{border-left:2px solid var(--ac);margin:2px 0 2px 6px;padding-left:10px}.hg-tl div{margin:3px 0}.hg-tl b{color:var(--ac)}.hg-q{font-weight:700;margin-bottom:4px}.hg-br div{margin:2px 0 2px 8px}.hg-tr ul{margin:2px 0 2px 14px;padding:0}.hg-tr li{margin:1px 0}.hg .cloze-inactive{font-size:0}.hg .cloze-inactive:after{content:'···';font-size:14px;color:var(--m)}</style><div class='hg hg-b'><div class=hg-a>📐 가르는 변수 = 누가 불복하나(상대방 / 신청자)</div><div class=hg-f><table class=hg-t><tr><th>불복하는 자</th><th>즉시항고·특별항고</th></tr><tr><td>상대방</td><td><span class=hg-hl>즉시항고 허용</span></td></tr><tr><td>신청자</td><td><span class=hg-hl>어느 것도 X</span></td></tr></table></div></div>	법무사 민사소송법 2차 강조 T3	2026-09-25-민사소송법-2차-(재판권~당사자확정 초입).md	민소-이송신청기각-상대방항고O-신청자X
자격증::법무사::민사소송법	cloze	당사자확정의 논증구도 두문자 = {{c1::확발간효구}} → {{c1::당사자확정의 기준 → 발견 시 조치 → 간과판결의 효력 및 구제방법}}	<style>.hg{--t:#1c1c1e;--m:#5f5f66;--bg:#f4f4f6;--ln:#d9d9de;--hl:#ffe9a8;--ac:#378ADD;color:var(--t);font-weight:400;text-align:left;font-size:16px;line-height:1.6;margin:8px auto 0;max-width:560px;word-break:keep-all}.nightMode .hg,.night_mode .hg{--t:#ececee;--m:#a9a9b0;--bg:#26262b;--ln:#3b3b42;--hl:#6a5410}.hg-o{--ac:#D85A30}.hg-b{--ac:#378ADD}.hg-g{--ac:#1D9E75}.hg-p{--ac:#7F77DD}.hg-a{border-left:4px solid var(--ac);background:var(--bg);border-radius:6px;padding:6px 10px;font-weight:700}.hg-f{margin:8px 0;padding:8px;border:1px solid var(--ln);border-radius:8px}.hg-w,.hg-x{font-size:14px;color:var(--m);margin-top:6px}.hg-w b,.hg-x b{margin-right:6px;font-weight:700}.hg-w b{color:var(--ac)}.hg-x b{color:#D85A30}.hg-v{display:inline-block;font-size:12px;border:1px solid var(--ln);border-radius:10px;padding:0 7px;color:var(--m);margin-top:6px}.hg-hl{background:var(--hl);border-radius:4px;padding:0 3px;font-weight:700}.hg-fl{display:flex;flex-wrap:wrap;align-items:center}.hg-fl span,.hg-fl i{margin:2px}.hg-fl .hg-e{border-style:dashed;background:none}.hg-fl span span{border:0;padding:0;margin:0;background:none}.hg-fl span{border:1px solid var(--ln);border-radius:6px;padding:2px 7px;background:var(--bg)}.hg-fl i{font-style:normal;font-size:13px;color:var(--m)}.hg-t{border-collapse:collapse;width:100%;font-size:14px}.hg-t td,.hg-t th{border:1px solid var(--ln);padding:4px 6px;vertical-align:top;text-align:left}.hg-t th{background:var(--bg);font-weight:700}.hg-tl{border-left:2px solid var(--ac);margin:2px 0 2px 6px;padding-left:10px}.hg-tl div{margin:3px 0}.hg-tl b{color:var(--ac)}.hg-q{font-weight:700;margin-bottom:4px}.hg-br div{margin:2px 0 2px 8px}.hg-tr ul{margin:2px 0 2px 14px;padding:0}.hg-tr li{margin:1px 0}.hg .cloze-inactive{font-size:0}.hg .cloze-inactive:after{content:'···';font-size:14px;color:var(--m)}</style><div class='hg hg-b'><div class=hg-f><table class=hg-t><tr><th>두문자</th><th>단계</th></tr><tr><td><span class=hg-hl>확</span></td><td>당사자확정의 기준</td></tr><tr><td><span class=hg-hl>발</span></td><td>발견 시 조치</td></tr><tr><td><span class=hg-hl>간효</span></td><td>간과판결의 효력</td></tr><tr><td><span class=hg-hl>구</span></td><td>구제방법</td></tr></table></div></div>	법무사 민사소송법 2차 강조 기출직결 T4	2026-09-25-민사소송법-2차-(재판권~당사자확정 초입).md	민소-당사자확정논증구도-확발간효구
자격증::법무사::민사소송법	cloze	소 제기 전 피고 사망을 모르고 사망자를 피고로 한 사자명의소송 — 판례: 실질적인 피고는 {{c1::사망자의 상속인}}이고 표시를 잘못한 것에 불과 (사망 사실을 안 경우에도 마찬가지)		법무사 민사소송법 2차 강조 T1	2026-09-25-민사소송법-2차-(재판권~당사자확정 초입).md	민소-사자명의소송-실질피고상속인
자격증::법무사::민사소송법	cloze	당사자 보정 — 동일성이 인정되면 {{c1::당사자표시정정}}, 동일성이 인정되지 않고 새로운 사람을 끌어들이면 {{c1::임의적 당사자변경}}	<style>.hg{--t:#1c1c1e;--m:#5f5f66;--bg:#f4f4f6;--ln:#d9d9de;--hl:#ffe9a8;--ac:#378ADD;color:var(--t);font-weight:400;text-align:left;font-size:16px;line-height:1.6;margin:8px auto 0;max-width:560px;word-break:keep-all}.nightMode .hg,.night_mode .hg{--t:#ececee;--m:#a9a9b0;--bg:#26262b;--ln:#3b3b42;--hl:#6a5410}.hg-o{--ac:#D85A30}.hg-b{--ac:#378ADD}.hg-g{--ac:#1D9E75}.hg-p{--ac:#7F77DD}.hg-a{border-left:4px solid var(--ac);background:var(--bg);border-radius:6px;padding:6px 10px;font-weight:700}.hg-f{margin:8px 0;padding:8px;border:1px solid var(--ln);border-radius:8px}.hg-w,.hg-x{font-size:14px;color:var(--m);margin-top:6px}.hg-w b,.hg-x b{margin-right:6px;font-weight:700}.hg-w b{color:var(--ac)}.hg-x b{color:#D85A30}.hg-v{display:inline-block;font-size:12px;border:1px solid var(--ln);border-radius:10px;padding:0 7px;color:var(--m);margin-top:6px}.hg-hl{background:var(--hl);border-radius:4px;padding:0 3px;font-weight:700}.hg-fl{display:flex;flex-wrap:wrap;align-items:center}.hg-fl span,.hg-fl i{margin:2px}.hg-fl .hg-e{border-style:dashed;background:none}.hg-fl span span{border:0;padding:0;margin:0;background:none}.hg-fl span{border:1px solid var(--ln);border-radius:6px;padding:2px 7px;background:var(--bg)}.hg-fl i{font-style:normal;font-size:13px;color:var(--m)}.hg-t{border-collapse:collapse;width:100%;font-size:14px}.hg-t td,.hg-t th{border:1px solid var(--ln);padding:4px 6px;vertical-align:top;text-align:left}.hg-t th{background:var(--bg);font-weight:700}.hg-tl{border-left:2px solid var(--ac);margin:2px 0 2px 6px;padding-left:10px}.hg-tl div{margin:3px 0}.hg-tl b{color:var(--ac)}.hg-q{font-weight:700;margin-bottom:4px}.hg-br div{margin:2px 0 2px 8px}.hg-tr ul{margin:2px 0 2px 14px;padding:0}.hg-tr li{margin:1px 0}.hg .cloze-inactive{font-size:0}.hg .cloze-inactive:after{content:'···';font-size:14px;color:var(--m)}</style><div class='hg hg-b'><div class=hg-a>📐 당사자 보정 → 동일성이 있는가?</div><div class=hg-f><div class=hg-q>판단: 보정 전후 당사자의 동일성이 있는가?</div><div class=hg-br><div>동일성 O → <span class=hg-hl>당사자표시정정</span></div><div>동일성 X(새 사람 편입) → <span class=hg-hl>임의적 당사자변경</span></div></div></div></div>	법무사 민사소송법 2차 강조 T3	2026-09-25-민사소송법-2차-(재판권~당사자확정 초입).md	민소-당사자보정-표시정정vs임의적변경
자격증::법무사::민사소송법	cloze	원고측 성명모용소송 — 모용자는 실질적으로 {{c1::무권대리인}}과 마찬가지이므로 소송요건에 흠이 있어 부적법 각하된다 (피모용자가 모용자의 유동적 무효인 소송행위를 추인할 수 있다)	<style>.hg{--t:#1c1c1e;--m:#5f5f66;--bg:#f4f4f6;--ln:#d9d9de;--hl:#ffe9a8;--ac:#378ADD;color:var(--t);font-weight:400;text-align:left;font-size:16px;line-height:1.6;margin:8px auto 0;max-width:560px;word-break:keep-all}.nightMode .hg,.night_mode .hg{--t:#ececee;--m:#a9a9b0;--bg:#26262b;--ln:#3b3b42;--hl:#6a5410}.hg-o{--ac:#D85A30}.hg-b{--ac:#378ADD}.hg-g{--ac:#1D9E75}.hg-p{--ac:#7F77DD}.hg-a{border-left:4px solid var(--ac);background:var(--bg);border-radius:6px;padding:6px 10px;font-weight:700}.hg-f{margin:8px 0;padding:8px;border:1px solid var(--ln);border-radius:8px}.hg-w,.hg-x{font-size:14px;color:var(--m);margin-top:6px}.hg-w b,.hg-x b{margin-right:6px;font-weight:700}.hg-w b{color:var(--ac)}.hg-x b{color:#D85A30}.hg-v{display:inline-block;font-size:12px;border:1px solid var(--ln);border-radius:10px;padding:0 7px;color:var(--m);margin-top:6px}.hg-hl{background:var(--hl);border-radius:4px;padding:0 3px;font-weight:700}.hg-fl{display:flex;flex-wrap:wrap;align-items:center}.hg-fl span,.hg-fl i{margin:2px}.hg-fl .hg-e{border-style:dashed;background:none}.hg-fl span span{border:0;padding:0;margin:0;background:none}.hg-fl span{border:1px solid var(--ln);border-radius:6px;padding:2px 7px;background:var(--bg)}.hg-fl i{font-style:normal;font-size:13px;color:var(--m)}.hg-t{border-collapse:collapse;width:100%;font-size:14px}.hg-t td,.hg-t th{border:1px solid var(--ln);padding:4px 6px;vertical-align:top;text-align:left}.hg-t th{background:var(--bg);font-weight:700}.hg-tl{border-left:2px solid var(--ac);margin:2px 0 2px 6px;padding-left:10px}.hg-tl div{margin:3px 0}.hg-tl b{color:var(--ac)}.hg-q{font-weight:700;margin-bottom:4px}.hg-br div{margin:2px 0 2px 8px}.hg-tr ul{margin:2px 0 2px 14px;padding:0}.hg-tr li{margin:1px 0}.hg .cloze-inactive{font-size:0}.hg .cloze-inactive:after{content:'···';font-size:14px;color:var(--m)}</style><div class='hg hg-b'><div class=hg-a>📐 가르는 변수 = 모용이 원고측인가 피고측인가</div><div class=hg-f><table class=hg-t><tr><th>성명모용</th><th>처리</th></tr><tr><td>원고측</td><td><span class=hg-hl>무권대리 준용 → 부적법 각하(피모용자 추인 가능)</span></td></tr><tr><td>피고측</td><td>모용자 배제, 피모용자에게 기일통지·출석요구</td></tr></table></div></div>	법무사 민사소송법 2차 강조 기출직결 중괄호 T3	2026-09-26-민사소송법-2차-(성명모용소송~압류 및 추심명령).md	민소-성명모용-원고측-무권대리인각하
자격증::법무사::민사소송법	cloze	소제기 후 {{c1::소장부본이 송달되기 전}}에 피고가 사망한 경우는 사자명의소송과 같이 취급한다		법무사 민사소송법 2차 강조 기출직결 T1	2026-09-26-민사소송법-2차-(성명모용소송~압류 및 추심명령).md	민소-사자명의-소장부본송달전사망-동일취급
자격증::법무사::민사소송법	cloze	당사자가 소제기 이전에 이미 사망한 사실을 간과한 채 본안판단에 나아간 원심판결은 대립당사자구조를 요구하는 민사소송법의 기본원칙에 반하여 {{c1::당연무효}}이다		법무사 민사소송법 2차 강조 기출직결 T1	2026-09-26-민사소송법-2차-(성명모용소송~압류 및 추심명령).md	민소-사망간과본안판결-당연무효
자격증::법무사::민사소송법	cloze	사망한 자를 상대로 한 무효 판결에 대한 상소·재심의 소는 {{c1::부적법 — 대상적격이 없다}} → 소송수계신청도 허용되지 않으며 효력은 상속인에게 미치지 않는다		법무사 민사소송법 2차 강조 T1	2026-09-26-민사소송법-2차-(성명모용소송~압류 및 추심명령).md	민소-무효판결-상소재심부적법-수계불가
자격증::법무사::민사소송법	cloze	민법상 조합(당사자능력 ×) — 재산 소유형태는 {{c1::합유}} → 조합원들의 공동소송은 원칙적으로 {{c2::고유필수적 공동소송}} / 다만 보존행위는 {{c2::조합원 각자}}, 조합원의 개별책임(분할채무관계)은 {{c2::통상공동소송}}	<style>.hg{--t:#1c1c1e;--m:#5f5f66;--bg:#f4f4f6;--ln:#d9d9de;--hl:#ffe9a8;--ac:#378ADD;color:var(--t);font-weight:400;text-align:left;font-size:16px;line-height:1.6;margin:8px auto 0;max-width:560px;word-break:keep-all}.nightMode .hg,.night_mode .hg{--t:#ececee;--m:#a9a9b0;--bg:#26262b;--ln:#3b3b42;--hl:#6a5410}.hg-o{--ac:#D85A30}.hg-b{--ac:#378ADD}.hg-g{--ac:#1D9E75}.hg-p{--ac:#7F77DD}.hg-a{border-left:4px solid var(--ac);background:var(--bg);border-radius:6px;padding:6px 10px;font-weight:700}.hg-f{margin:8px 0;padding:8px;border:1px solid var(--ln);border-radius:8px}.hg-w,.hg-x{font-size:14px;color:var(--m);margin-top:6px}.hg-w b,.hg-x b{margin-right:6px;font-weight:700}.hg-w b{color:var(--ac)}.hg-x b{color:#D85A30}.hg-v{display:inline-block;font-size:12px;border:1px solid var(--ln);border-radius:10px;padding:0 7px;color:var(--m);margin-top:6px}.hg-hl{background:var(--hl);border-radius:4px;padding:0 3px;font-weight:700}.hg-fl{display:flex;flex-wrap:wrap;align-items:center}.hg-fl span,.hg-fl i{margin:2px}.hg-fl .hg-e{border-style:dashed;background:none}.hg-fl span span{border:0;padding:0;margin:0;background:none}.hg-fl span{border:1px solid var(--ln);border-radius:6px;padding:2px 7px;background:var(--bg)}.hg-fl i{font-style:normal;font-size:13px;color:var(--m)}.hg-t{border-collapse:collapse;width:100%;font-size:14px}.hg-t td,.hg-t th{border:1px solid var(--ln);padding:4px 6px;vertical-align:top;text-align:left}.hg-t th{background:var(--bg);font-weight:700}.hg-tl{border-left:2px solid var(--ac);margin:2px 0 2px 6px;padding-left:10px}.hg-tl div{margin:3px 0}.hg-tl b{color:var(--ac)}.hg-q{font-weight:700;margin-bottom:4px}.hg-br div{margin:2px 0 2px 8px}.hg-tr ul{margin:2px 0 2px 14px;padding:0}.hg-tr li{margin:1px 0}.hg .cloze-inactive{font-size:0}.hg .cloze-inactive:after{content:'···';font-size:14px;color:var(--m)}</style><div class='hg hg-b'><div class=hg-f><table class=hg-t><tr><th>조합 소송</th><th>형태</th></tr><tr><td>원칙(합유)</td><td><span class=hg-hl>고유필수적 공동소송</span></td></tr><tr><td>보존행위</td><td><span class=hg-hl>조합원 각자</span></td></tr><tr><td>개별책임(분할채무)</td><td><span class=hg-hl>통상공동소송</span></td></tr></table></div></div>	법무사 민사소송법 2차 강조 T4	2026-09-26-민사소송법-2차-(성명모용소송~압류 및 추심명령).md	민소-민법상조합-합유-고유필수-보존행위각자
자격증::법무사::민사소송법	cloze	업무집행조합원은 조합원으로부터 {{c1::임의적 소송신탁}}을 받아 자기 이름으로 소송을 수행할 수 있다		법무사 민사소송법 2차 강조 T1	2026-09-26-민사소송법-2차-(성명모용소송~압류 및 추심명령).md	민소-업무집행조합원-임의적소송신탁
자격증::법무사::민사소송법	basic	당사자적격이란?	<style>.hg{--t:#1c1c1e;--m:#5f5f66;--bg:#f4f4f6;--ln:#d9d9de;--hl:#ffe9a8;--ac:#378ADD;color:var(--t);font-weight:400;text-align:left;font-size:16px;line-height:1.6;margin:8px auto 0;max-width:560px;word-break:keep-all}.nightMode .hg,.night_mode .hg{--t:#ececee;--m:#a9a9b0;--bg:#26262b;--ln:#3b3b42;--hl:#6a5410}.hg-o{--ac:#D85A30}.hg-b{--ac:#378ADD}.hg-g{--ac:#1D9E75}.hg-p{--ac:#7F77DD}.hg-a{border-left:4px solid var(--ac);background:var(--bg);border-radius:6px;padding:6px 10px;font-weight:700}.hg-f{margin:8px 0;padding:8px;border:1px solid var(--ln);border-radius:8px}.hg-w,.hg-x{font-size:14px;color:var(--m);margin-top:6px}.hg-w b,.hg-x b{margin-right:6px;font-weight:700}.hg-w b{color:var(--ac)}.hg-x b{color:#D85A30}.hg-v{display:inline-block;font-size:12px;border:1px solid var(--ln);border-radius:10px;padding:0 7px;color:var(--m);margin-top:6px}.hg-hl{background:var(--hl);border-radius:4px;padding:0 3px;font-weight:700}.hg-fl{display:flex;flex-wrap:wrap;align-items:center}.hg-fl span,.hg-fl i{margin:2px}.hg-fl .hg-e{border-style:dashed;background:none}.hg-fl span span{border:0;padding:0;margin:0;background:none}.hg-fl span{border:1px solid var(--ln);border-radius:6px;padding:2px 7px;background:var(--bg)}.hg-fl i{font-style:normal;font-size:13px;color:var(--m)}.hg-t{border-collapse:collapse;width:100%;font-size:14px}.hg-t td,.hg-t th{border:1px solid var(--ln);padding:4px 6px;vertical-align:top;text-align:left}.hg-t th{background:var(--bg);font-weight:700}.hg-tl{border-left:2px solid var(--ac);margin:2px 0 2px 6px;padding-left:10px}.hg-tl div{margin:3px 0}.hg-tl b{color:var(--ac)}.hg-q{font-weight:700;margin-bottom:4px}.hg-br div{margin:2px 0 2px 8px}.hg-tr ul{margin:2px 0 2px 14px;padding:0}.hg-tr li{margin:1px 0}.hg .cloze-inactive{font-size:0}.hg .cloze-inactive:after{content:'···';font-size:14px;color:var(--m)}</style><div class='hg hg-b'><div>특정한 청구에 대하여 정당한 당사자로서 소송을 수행하고 본안판결을 받기에 적합한 자격 → 소송수행권 — 실체법상 관리처분권</div></div>	법무사 민사소송법 2차 강조 기출직결 T1	2026-09-26-민사소송법-2차-(성명모용소송~압류 및 추심명령).md	민소-당사자적격-정의
자격증::법무사::민사소송법	cloze	진정한 등기명의의 회복을 위한 소유권이전등기청구는 {{c1::현재의 등기명의인}}을 상대로 해야 한다		법무사 민사소송법 2차 강조 T1	2026-09-26-민사소송법-2차-(성명모용소송~압류 및 추심명령).md	민소-진정명의회복-현재등기명의인
자격증::법무사::민사소송법	cloze	근저당권설정등기 말소 — 설정원인 무효·피담보채무 소멸 시, 근저당권이 양도되었으면 {{c1::양수인}}만 피고적격이고, {{c2::이전의 부기등기가 아닌 주등기}}만이 대상적격이다		법무사 민사소송법 2차 강조 T1	2026-09-26-민사소송법-2차-(성명모용소송~압류 및 추심명령).md	민소-근저당양도후말소-양수인-주등기
자격증::법무사::민사소송법	cloze	주주총회결의 취소·결의무효확인·결의부존재확인 판결은 대세적 효력이 있으므로 피고가 될 수 있는 자는 그 성질상 {{c1::회사}}로 한정된다		법무사 민사소송법 2차 강조 T1	2026-09-26-민사소송법-2차-(성명모용소송~압류 및 추심명령).md	민소-결의취소무효부존재-피고회사만
자격증::법무사::민사소송법	cloze	임의적 소송담당 — 명문의 규정이 있으면 선정당사자 등, 없으면 {{c1::'변신필요'(변호사대리원칙·소송신탁금지를 잠탈할 우려 × ∧ 합리적 필요)}}가 있으면 허용	<style>.hg{--t:#1c1c1e;--m:#5f5f66;--bg:#f4f4f6;--ln:#d9d9de;--hl:#ffe9a8;--ac:#378ADD;color:var(--t);font-weight:400;text-align:left;font-size:16px;line-height:1.6;margin:8px auto 0;max-width:560px;word-break:keep-all}.nightMode .hg,.night_mode .hg{--t:#ececee;--m:#a9a9b0;--bg:#26262b;--ln:#3b3b42;--hl:#6a5410}.hg-o{--ac:#D85A30}.hg-b{--ac:#378ADD}.hg-g{--ac:#1D9E75}.hg-p{--ac:#7F77DD}.hg-a{border-left:4px solid var(--ac);background:var(--bg);border-radius:6px;padding:6px 10px;font-weight:700}.hg-f{margin:8px 0;padding:8px;border:1px solid var(--ln);border-radius:8px}.hg-w,.hg-x{font-size:14px;color:var(--m);margin-top:6px}.hg-w b,.hg-x b{margin-right:6px;font-weight:700}.hg-w b{color:var(--ac)}.hg-x b{color:#D85A30}.hg-v{display:inline-block;font-size:12px;border:1px solid var(--ln);border-radius:10px;padding:0 7px;color:var(--m);margin-top:6px}.hg-hl{background:var(--hl);border-radius:4px;padding:0 3px;font-weight:700}.hg-fl{display:flex;flex-wrap:wrap;align-items:center}.hg-fl span,.hg-fl i{margin:2px}.hg-fl .hg-e{border-style:dashed;background:none}.hg-fl span span{border:0;padding:0;margin:0;background:none}.hg-fl span{border:1px solid var(--ln);border-radius:6px;padding:2px 7px;background:var(--bg)}.hg-fl i{font-style:normal;font-size:13px;color:var(--m)}.hg-t{border-collapse:collapse;width:100%;font-size:14px}.hg-t td,.hg-t th{border:1px solid var(--ln);padding:4px 6px;vertical-align:top;text-align:left}.hg-t th{background:var(--bg);font-weight:700}.hg-tl{border-left:2px solid var(--ac);margin:2px 0 2px 6px;padding-left:10px}.hg-tl div{margin:3px 0}.hg-tl b{color:var(--ac)}.hg-q{font-weight:700;margin-bottom:4px}.hg-br div{margin:2px 0 2px 8px}.hg-tr ul{margin:2px 0 2px 14px;padding:0}.hg-tr li{margin:1px 0}.hg .cloze-inactive{font-size:0}.hg .cloze-inactive:after{content:'···';font-size:14px;color:var(--m)}</style><div class='hg hg-b'><div class=hg-f><table class=hg-t><tr><th>두문자</th><th>요건</th></tr><tr><td><span class=hg-hl>변신</span></td><td>변호사대리원칙·소송신탁금지를 잠탈할 우려가 없을 것</td></tr><tr><td><span class=hg-hl>필요</span></td><td>인정할 합리적 필요</td></tr></table></div></div>	법무사 민사소송법 2차 강조 T4	2026-09-26-민사소송법-2차-(성명모용소송~압류 및 추심명령).md	민소-임의적소송담당-변신필요
자격증::법무사::민사소송법	cloze	채권자대위소송 원고적격 — 보전의 필요성이 문제되는 사안 '지패' = {{c1::공동상속인 지분초과 · 피보전권리 패소확정판결 후 대위소송(기판력으로 보전필요 ×)}}	<style>.hg{--t:#1c1c1e;--m:#5f5f66;--bg:#f4f4f6;--ln:#d9d9de;--hl:#ffe9a8;--ac:#378ADD;color:var(--t);font-weight:400;text-align:left;font-size:16px;line-height:1.6;margin:8px auto 0;max-width:560px;word-break:keep-all}.nightMode .hg,.night_mode .hg{--t:#ececee;--m:#a9a9b0;--bg:#26262b;--ln:#3b3b42;--hl:#6a5410}.hg-o{--ac:#D85A30}.hg-b{--ac:#378ADD}.hg-g{--ac:#1D9E75}.hg-p{--ac:#7F77DD}.hg-a{border-left:4px solid var(--ac);background:var(--bg);border-radius:6px;padding:6px 10px;font-weight:700}.hg-f{margin:8px 0;padding:8px;border:1px solid var(--ln);border-radius:8px}.hg-w,.hg-x{font-size:14px;color:var(--m);margin-top:6px}.hg-w b,.hg-x b{margin-right:6px;font-weight:700}.hg-w b{color:var(--ac)}.hg-x b{color:#D85A30}.hg-v{display:inline-block;font-size:12px;border:1px solid var(--ln);border-radius:10px;padding:0 7px;color:var(--m);margin-top:6px}.hg-hl{background:var(--hl);border-radius:4px;padding:0 3px;font-weight:700}.hg-fl{display:flex;flex-wrap:wrap;align-items:center}.hg-fl span,.hg-fl i{margin:2px}.hg-fl .hg-e{border-style:dashed;background:none}.hg-fl span span{border:0;padding:0;margin:0;background:none}.hg-fl span{border:1px solid var(--ln);border-radius:6px;padding:2px 7px;background:var(--bg)}.hg-fl i{font-style:normal;font-size:13px;color:var(--m)}.hg-t{border-collapse:collapse;width:100%;font-size:14px}.hg-t td,.hg-t th{border:1px solid var(--ln);padding:4px 6px;vertical-align:top;text-align:left}.hg-t th{background:var(--bg);font-weight:700}.hg-tl{border-left:2px solid var(--ac);margin:2px 0 2px 6px;padding-left:10px}.hg-tl div{margin:3px 0}.hg-tl b{color:var(--ac)}.hg-q{font-weight:700;margin-bottom:4px}.hg-br div{margin:2px 0 2px 8px}.hg-tr ul{margin:2px 0 2px 14px;padding:0}.hg-tr li{margin:1px 0}.hg .cloze-inactive{font-size:0}.hg .cloze-inactive:after{content:'···';font-size:14px;color:var(--m)}</style><div class='hg hg-b'><div class=hg-f><table class=hg-t><tr><th>두문자</th><th>사안</th></tr><tr><td><span class=hg-hl>지</span></td><td>공동상속인 지분초과</td></tr><tr><td><span class=hg-hl>패</span></td><td>채무자 상대 피보전권리 소송 패소확정 후 대위소송 → 기판력으로 보전필요 ×</td></tr></table></div></div>	법무사 민사소송법 2차 강조 기출직결 T4	2026-09-26-민사소송법-2차-(성명모용소송~압류 및 추심명령).md	민소-대위소송-보전필요성-지패
자격증::법무사::민사소송법	cloze	대위가 가능한 권리 '해탈' = {{c1::해제권 · 조합원의 조합탈퇴권}} — 더불어 취소권·상계권·등기신청권 등	<style>.hg{--t:#1c1c1e;--m:#5f5f66;--bg:#f4f4f6;--ln:#d9d9de;--hl:#ffe9a8;--ac:#378ADD;color:var(--t);font-weight:400;text-align:left;font-size:16px;line-height:1.6;margin:8px auto 0;max-width:560px;word-break:keep-all}.nightMode .hg,.night_mode .hg{--t:#ececee;--m:#a9a9b0;--bg:#26262b;--ln:#3b3b42;--hl:#6a5410}.hg-o{--ac:#D85A30}.hg-b{--ac:#378ADD}.hg-g{--ac:#1D9E75}.hg-p{--ac:#7F77DD}.hg-a{border-left:4px solid var(--ac);background:var(--bg);border-radius:6px;padding:6px 10px;font-weight:700}.hg-f{margin:8px 0;padding:8px;border:1px solid var(--ln);border-radius:8px}.hg-w,.hg-x{font-size:14px;color:var(--m);margin-top:6px}.hg-w b,.hg-x b{margin-right:6px;font-weight:700}.hg-w b{color:var(--ac)}.hg-x b{color:#D85A30}.hg-v{display:inline-block;font-size:12px;border:1px solid var(--ln);border-radius:10px;padding:0 7px;color:var(--m);margin-top:6px}.hg-hl{background:var(--hl);border-radius:4px;padding:0 3px;font-weight:700}.hg-fl{display:flex;flex-wrap:wrap;align-items:center}.hg-fl span,.hg-fl i{margin:2px}.hg-fl .hg-e{border-style:dashed;background:none}.hg-fl span span{border:0;padding:0;margin:0;background:none}.hg-fl span{border:1px solid var(--ln);border-radius:6px;padding:2px 7px;background:var(--bg)}.hg-fl i{font-style:normal;font-size:13px;color:var(--m)}.hg-t{border-collapse:collapse;width:100%;font-size:14px}.hg-t td,.hg-t th{border:1px solid var(--ln);padding:4px 6px;vertical-align:top;text-align:left}.hg-t th{background:var(--bg);font-weight:700}.hg-tl{border-left:2px solid var(--ac);margin:2px 0 2px 6px;padding-left:10px}.hg-tl div{margin:3px 0}.hg-tl b{color:var(--ac)}.hg-q{font-weight:700;margin-bottom:4px}.hg-br div{margin:2px 0 2px 8px}.hg-tr ul{margin:2px 0 2px 14px;padding:0}.hg-tr li{margin:1px 0}.hg .cloze-inactive{font-size:0}.hg .cloze-inactive:after{content:'···';font-size:14px;color:var(--m)}</style><div class='hg hg-b'><div class=hg-f><table class=hg-t><tr><th>두문자</th><th>대위 가능</th></tr><tr><td><span class=hg-hl>해</span></td><td>해제권</td></tr><tr><td><span class=hg-hl>탈</span></td><td>조합원의 조합탈퇴권</td></tr></table></div></div>	법무사 민사소송법 2차 강조 기출직결 T4	2026-09-26-민사소송법-2차-(성명모용소송~압류 및 추심명령).md	민소-대위가능권리-해탈
자격증::법무사::민사소송법	cloze	채권자대위소송이 제기된 사실을 채무자가 {{c1::알았을 때}}에는 어떤 사유로 인하였든 그 판결의 효력이 채무자에게 미친다		법무사 민사소송법 2차 강조 T1	2026-09-26-민사소송법-2차-(성명모용소송~압류 및 추심명령).md	민소-대위소송판결효력-채무자가알았을때
자격증::법무사::민사소송법	cloze	소송제한능력자의 행위에 대한 추인 '방기범효' = {{c1::방법(명시·묵시 불문) · 시기(제한 ×) · 범위 · 효과}}	<style>.hg{--t:#1c1c1e;--m:#5f5f66;--bg:#f4f4f6;--ln:#d9d9de;--hl:#ffe9a8;--ac:#378ADD;color:var(--t);font-weight:400;text-align:left;font-size:16px;line-height:1.6;margin:8px auto 0;max-width:560px;word-break:keep-all}.nightMode .hg,.night_mode .hg{--t:#ececee;--m:#a9a9b0;--bg:#26262b;--ln:#3b3b42;--hl:#6a5410}.hg-o{--ac:#D85A30}.hg-b{--ac:#378ADD}.hg-g{--ac:#1D9E75}.hg-p{--ac:#7F77DD}.hg-a{border-left:4px solid var(--ac);background:var(--bg);border-radius:6px;padding:6px 10px;font-weight:700}.hg-f{margin:8px 0;padding:8px;border:1px solid var(--ln);border-radius:8px}.hg-w,.hg-x{font-size:14px;color:var(--m);margin-top:6px}.hg-w b,.hg-x b{margin-right:6px;font-weight:700}.hg-w b{color:var(--ac)}.hg-x b{color:#D85A30}.hg-v{display:inline-block;font-size:12px;border:1px solid var(--ln);border-radius:10px;padding:0 7px;color:var(--m);margin-top:6px}.hg-hl{background:var(--hl);border-radius:4px;padding:0 3px;font-weight:700}.hg-fl{display:flex;flex-wrap:wrap;align-items:center}.hg-fl span,.hg-fl i{margin:2px}.hg-fl .hg-e{border-style:dashed;background:none}.hg-fl span span{border:0;padding:0;margin:0;background:none}.hg-fl span{border:1px solid var(--ln);border-radius:6px;padding:2px 7px;background:var(--bg)}.hg-fl i{font-style:normal;font-size:13px;color:var(--m)}.hg-t{border-collapse:collapse;width:100%;font-size:14px}.hg-t td,.hg-t th{border:1px solid var(--ln);padding:4px 6px;vertical-align:top;text-align:left}.hg-t th{background:var(--bg);font-weight:700}.hg-tl{border-left:2px solid var(--ac);margin:2px 0 2px 6px;padding-left:10px}.hg-tl div{margin:3px 0}.hg-tl b{color:var(--ac)}.hg-q{font-weight:700;margin-bottom:4px}.hg-br div{margin:2px 0 2px 8px}.hg-tr ul{margin:2px 0 2px 14px;padding:0}.hg-tr li{margin:1px 0}.hg .cloze-inactive{font-size:0}.hg .cloze-inactive:after{content:'···';font-size:14px;color:var(--m)}</style><div class='hg hg-b'><div class=hg-f><table class=hg-t><tr><th>두문자</th><th>내용</th></tr><tr><td><span class=hg-hl>방</span></td><td>방법 — 명시·묵시 불문</td></tr><tr><td><span class=hg-hl>기</span></td><td>시기 — 제한 ×</td></tr><tr><td><span class=hg-hl>범</span></td><td>범위</td></tr><tr><td><span class=hg-hl>효</span></td><td>효과</td></tr></table></div></div>	법무사 민사소송법 2차 강조 T4	2026-09-26-민사소송법-2차-(성명모용소송~압류 및 추심명령).md	민소-소송능력추인-방기범효
자격증::법무사::민사소송법	cloze	수인의 미성년자와 그 친권자가 공유물분할의 소의 당사자가 된 경우 → {{c1::미성년자마다 특별대리인}}을 선임하여 대리하게 한다		법무사 민사소송법 2차 강조 T1	2026-09-26-민사소송법-2차-(성명모용소송~압류 및 추심명령).md	민소-공유물분할-미성년자마다특별대리인
자격증::법무사::민사소송법	cloze	소송대리권의 범위는 특별한 사정이 없는 한 당해 심급에 한정 → {{c1::당해 심급의 판결을 송달받은 때}}까지		법무사 민사소송법 2차 강조 T1	2026-09-26-민사소송법-2차-(성명모용소송~압류 및 추심명령).md	민소-소송대리권-심급-판결송달시까지
자격증::법무사::민사소송법	cloze	성명모용 사실을 간과한 판결 — 무권대리인이 대리권을 행사한 경우에 준하여, 판결 확정 전이면 {{c1::상소}}로, 확정된 후라면 {{c1::재심의 소}}로 취소할 수 있다	<style>.hg{--t:#1c1c1e;--m:#5f5f66;--bg:#f4f4f6;--ln:#d9d9de;--hl:#ffe9a8;--ac:#378ADD;color:var(--t);font-weight:400;text-align:left;font-size:16px;line-height:1.6;margin:8px auto 0;max-width:560px;word-break:keep-all}.nightMode .hg,.night_mode .hg{--t:#ececee;--m:#a9a9b0;--bg:#26262b;--ln:#3b3b42;--hl:#6a5410}.hg-o{--ac:#D85A30}.hg-b{--ac:#378ADD}.hg-g{--ac:#1D9E75}.hg-p{--ac:#7F77DD}.hg-a{border-left:4px solid var(--ac);background:var(--bg);border-radius:6px;padding:6px 10px;font-weight:700}.hg-f{margin:8px 0;padding:8px;border:1px solid var(--ln);border-radius:8px}.hg-w,.hg-x{font-size:14px;color:var(--m);margin-top:6px}.hg-w b,.hg-x b{margin-right:6px;font-weight:700}.hg-w b{color:var(--ac)}.hg-x b{color:#D85A30}.hg-v{display:inline-block;font-size:12px;border:1px solid var(--ln);border-radius:10px;padding:0 7px;color:var(--m);margin-top:6px}.hg-hl{background:var(--hl);border-radius:4px;padding:0 3px;font-weight:700}.hg-fl{display:flex;flex-wrap:wrap;align-items:center}.hg-fl span,.hg-fl i{margin:2px}.hg-fl .hg-e{border-style:dashed;background:none}.hg-fl span span{border:0;padding:0;margin:0;background:none}.hg-fl span{border:1px solid var(--ln);border-radius:6px;padding:2px 7px;background:var(--bg)}.hg-fl i{font-style:normal;font-size:13px;color:var(--m)}.hg-t{border-collapse:collapse;width:100%;font-size:14px}.hg-t td,.hg-t th{border:1px solid var(--ln);padding:4px 6px;vertical-align:top;text-align:left}.hg-t th{background:var(--bg);font-weight:700}.hg-tl{border-left:2px solid var(--ac);margin:2px 0 2px 6px;padding-left:10px}.hg-tl div{margin:3px 0}.hg-tl b{color:var(--ac)}.hg-q{font-weight:700;margin-bottom:4px}.hg-br div{margin:2px 0 2px 8px}.hg-tr ul{margin:2px 0 2px 14px;padding:0}.hg-tr li{margin:1px 0}.hg .cloze-inactive{font-size:0}.hg .cloze-inactive:after{content:'···';font-size:14px;color:var(--m)}</style><div class='hg hg-b'><div class=hg-a>📐 가르는 변수 = 판결의 확정 여부</div><div class=hg-f><table class=hg-t><tr><th>시점</th><th>취소 수단</th></tr><tr><td>확정 전</td><td><span class=hg-hl>상소</span></td></tr><tr><td>확정 후</td><td><span class=hg-hl>재심의 소</span></td></tr></table></div></div>	법무사 민사소송법 2차 강조 T3	2026-09-26-민사소송법-2차-(성명모용소송~압류 및 추심명령).md	민소-성명모용간과판결-확정전상소-확정후재심
자격증::법무사::민사소송법	cloze	사자명의소송(소제기 전 사망)에서 상속인이 실질적 피고라면, 당사자표시정정 대신 피고경정신청을 한 경우에도 {{c1::표시정정으로서의 법적 성질·효과를 잃지 않아 소제기에 따른 시효중단의 효력이 유지}}된다		법무사 민사소송법 2차 강조 기출직결 T1	2026-09-26-민사소송법-2차-(성명모용소송~압류 및 추심명령).md	민소-사자명의-피고경정형식이어도-표시정정효과-시효중단유지
자격증::법무사::민사소송법	cloze	진정한 피고경정(당사자 자체 교체) → 신소는 {{c1::경정신청서 제출 시}}에 제기된 것으로 간주(시효중단효도 그때부터) / 표시정정(동일성 유지, 이름만 정정) → 시효중단효는 {{c1::원래 소제기 시점}} 그대로 유지	<style>.hg{--t:#1c1c1e;--m:#5f5f66;--bg:#f4f4f6;--ln:#d9d9de;--hl:#ffe9a8;--ac:#378ADD;color:var(--t);font-weight:400;text-align:left;font-size:16px;line-height:1.6;margin:8px auto 0;max-width:560px;word-break:keep-all}.nightMode .hg,.night_mode .hg{--t:#ececee;--m:#a9a9b0;--bg:#26262b;--ln:#3b3b42;--hl:#6a5410}.hg-o{--ac:#D85A30}.hg-b{--ac:#378ADD}.hg-g{--ac:#1D9E75}.hg-p{--ac:#7F77DD}.hg-a{border-left:4px solid var(--ac);background:var(--bg);border-radius:6px;padding:6px 10px;font-weight:700}.hg-f{margin:8px 0;padding:8px;border:1px solid var(--ln);border-radius:8px}.hg-w,.hg-x{font-size:14px;color:var(--m);margin-top:6px}.hg-w b,.hg-x b{margin-right:6px;font-weight:700}.hg-w b{color:var(--ac)}.hg-x b{color:#D85A30}.hg-v{display:inline-block;font-size:12px;border:1px solid var(--ln);border-radius:10px;padding:0 7px;color:var(--m);margin-top:6px}.hg-hl{background:var(--hl);border-radius:4px;padding:0 3px;font-weight:700}.hg-fl{display:flex;flex-wrap:wrap;align-items:center}.hg-fl span,.hg-fl i{margin:2px}.hg-fl .hg-e{border-style:dashed;background:none}.hg-fl span span{border:0;padding:0;margin:0;background:none}.hg-fl span{border:1px solid var(--ln);border-radius:6px;padding:2px 7px;background:var(--bg)}.hg-fl i{font-style:normal;font-size:13px;color:var(--m)}.hg-t{border-collapse:collapse;width:100%;font-size:14px}.hg-t td,.hg-t th{border:1px solid var(--ln);padding:4px 6px;vertical-align:top;text-align:left}.hg-t th{background:var(--bg);font-weight:700}.hg-tl{border-left:2px solid var(--ac);margin:2px 0 2px 6px;padding-left:10px}.hg-tl div{margin:3px 0}.hg-tl b{color:var(--ac)}.hg-q{font-weight:700;margin-bottom:4px}.hg-br div{margin:2px 0 2px 8px}.hg-tr ul{margin:2px 0 2px 14px;padding:0}.hg-tr li{margin:1px 0}.hg .cloze-inactive{font-size:0}.hg .cloze-inactive:after{content:'···';font-size:14px;color:var(--m)}</style><div class='hg hg-b'><div class=hg-a>📐 가르는 변수 = 당사자 교체인가 동일성 유지(표시만 정정)인가</div><div class=hg-f><table class=hg-t><tr><th>보정 방식</th><th>소제기 간주 시점 → 시효중단</th></tr><tr><td>진정한 피고경정(교체)</td><td><span class=hg-hl>경정신청서 제출 시</span></td></tr><tr><td>표시정정(동일성 유지)</td><td><span class=hg-hl>원래 소제기 시점 유지</span></td></tr></table></div></div>	법무사 민사소송법 2차 강조 기출직결 T3	2026-09-26-민사소송법-2차-(성명모용소송~압류 및 추심명령).md	민소-피고경정vs표시정정-시효중단시점
자격증::법무사::민사소송법	cloze	비법인사단의 실체 판별 '조다단체요' = {{c1::조직을 갖춤 · 다수결 원칙으로 업무 집행 · 구성원 변경과 관계없이 단체 그 자체가 존속 · 주요사항에 대해 정관에 정함}} (대표적 예: 종중)	<style>.hg{--t:#1c1c1e;--m:#5f5f66;--bg:#f4f4f6;--ln:#d9d9de;--hl:#ffe9a8;--ac:#378ADD;color:var(--t);font-weight:400;text-align:left;font-size:16px;line-height:1.6;margin:8px auto 0;max-width:560px;word-break:keep-all}.nightMode .hg,.night_mode .hg{--t:#ececee;--m:#a9a9b0;--bg:#26262b;--ln:#3b3b42;--hl:#6a5410}.hg-o{--ac:#D85A30}.hg-b{--ac:#378ADD}.hg-g{--ac:#1D9E75}.hg-p{--ac:#7F77DD}.hg-a{border-left:4px solid var(--ac);background:var(--bg);border-radius:6px;padding:6px 10px;font-weight:700}.hg-f{margin:8px 0;padding:8px;border:1px solid var(--ln);border-radius:8px}.hg-w,.hg-x{font-size:14px;color:var(--m);margin-top:6px}.hg-w b,.hg-x b{margin-right:6px;font-weight:700}.hg-w b{color:var(--ac)}.hg-x b{color:#D85A30}.hg-v{display:inline-block;font-size:12px;border:1px solid var(--ln);border-radius:10px;padding:0 7px;color:var(--m);margin-top:6px}.hg-hl{background:var(--hl);border-radius:4px;padding:0 3px;font-weight:700}.hg-fl{display:flex;flex-wrap:wrap;align-items:center}.hg-fl span,.hg-fl i{margin:2px}.hg-fl .hg-e{border-style:dashed;background:none}.hg-fl span span{border:0;padding:0;margin:0;background:none}.hg-fl span{border:1px solid var(--ln);border-radius:6px;padding:2px 7px;background:var(--bg)}.hg-fl i{font-style:normal;font-size:13px;color:var(--m)}.hg-t{border-collapse:collapse;width:100%;font-size:14px}.hg-t td,.hg-t th{border:1px solid var(--ln);padding:4px 6px;vertical-align:top;text-align:left}.hg-t th{background:var(--bg);font-weight:700}.hg-tl{border-left:2px solid var(--ac);margin:2px 0 2px 6px;padding-left:10px}.hg-tl div{margin:3px 0}.hg-tl b{color:var(--ac)}.hg-q{font-weight:700;margin-bottom:4px}.hg-br div{margin:2px 0 2px 8px}.hg-tr ul{margin:2px 0 2px 14px;padding:0}.hg-tr li{margin:1px 0}.hg .cloze-inactive{font-size:0}.hg .cloze-inactive:after{content:'···';font-size:14px;color:var(--m)}</style><div class='hg hg-b'><div class=hg-f><table class=hg-t><tr><th>두문자</th><th>요건</th></tr><tr><td><span class=hg-hl>조</span></td><td>조직을 갖추고 있음</td></tr><tr><td><span class=hg-hl>다</span></td><td>다수결의 원칙에 의해 업무 집행</td></tr><tr><td><span class=hg-hl>단체</span></td><td>구성원의 변경에 관계없이 단체 그 자체가 존속</td></tr><tr><td><span class=hg-hl>요</span></td><td>주요사항에 대해 정관에 정함</td></tr></table></div></div>	법무사 민사소송법 2차 강조 T4	2026-09-26-민사소송법-2차-(성명모용소송~압류 및 추심명령).md	민소-비법인사단판별-조다단체요
자격증::법무사::민사소송법	cloze	비법인사단의 재산은 총유(관리처분권이 구성원 전원에게 귀속 → 고유필수적 공동소송) → {{c1::개인은 절대 당사자가 될 수 없고, 보존행위로서의 소를 제기해도 마찬가지}}		법무사 민사소송법 2차 강조 T1	2026-09-26-민사소송법-2차-(성명모용소송~압류 및 추심명령).md	민소-비법인사단총유-개인당사자불가-보존행위도
자격증::법무사::민사소송법	cloze	이행의 소에서 당사자적격 판단기준 = {{c1::주장 자체만으로 판단 — 실체법상 이행청구권을 주장하는 사람이 원고적격, 그로부터 의무자로 주장되는 사람이 피고적격(형식적 당사자개념 — 권리·의무의 유무는 본안의 문제)}}	<style>.hg{--t:#1c1c1e;--m:#5f5f66;--bg:#f4f4f6;--ln:#d9d9de;--hl:#ffe9a8;--ac:#378ADD;color:var(--t);font-weight:400;text-align:left;font-size:16px;line-height:1.6;margin:8px auto 0;max-width:560px;word-break:keep-all}.nightMode .hg,.night_mode .hg{--t:#ececee;--m:#a9a9b0;--bg:#26262b;--ln:#3b3b42;--hl:#6a5410}.hg-o{--ac:#D85A30}.hg-b{--ac:#378ADD}.hg-g{--ac:#1D9E75}.hg-p{--ac:#7F77DD}.hg-a{border-left:4px solid var(--ac);background:var(--bg);border-radius:6px;padding:6px 10px;font-weight:700}.hg-f{margin:8px 0;padding:8px;border:1px solid var(--ln);border-radius:8px}.hg-w,.hg-x{font-size:14px;color:var(--m);margin-top:6px}.hg-w b,.hg-x b{margin-right:6px;font-weight:700}.hg-w b{color:var(--ac)}.hg-x b{color:#D85A30}.hg-v{display:inline-block;font-size:12px;border:1px solid var(--ln);border-radius:10px;padding:0 7px;color:var(--m);margin-top:6px}.hg-hl{background:var(--hl);border-radius:4px;padding:0 3px;font-weight:700}.hg-fl{display:flex;flex-wrap:wrap;align-items:center}.hg-fl span,.hg-fl i{margin:2px}.hg-fl .hg-e{border-style:dashed;background:none}.hg-fl span span{border:0;padding:0;margin:0;background:none}.hg-fl span{border:1px solid var(--ln);border-radius:6px;padding:2px 7px;background:var(--bg)}.hg-fl i{font-style:normal;font-size:13px;color:var(--m)}.hg-t{border-collapse:collapse;width:100%;font-size:14px}.hg-t td,.hg-t th{border:1px solid var(--ln);padding:4px 6px;vertical-align:top;text-align:left}.hg-t th{background:var(--bg);font-weight:700}.hg-tl{border-left:2px solid var(--ac);margin:2px 0 2px 6px;padding-left:10px}.hg-tl div{margin:3px 0}.hg-tl b{color:var(--ac)}.hg-q{font-weight:700;margin-bottom:4px}.hg-br div{margin:2px 0 2px 8px}.hg-tr ul{margin:2px 0 2px 14px;padding:0}.hg-tr li{margin:1px 0}.hg .cloze-inactive{font-size:0}.hg .cloze-inactive:after{content:'···';font-size:14px;color:var(--m)}</style><div class='hg hg-b'><div class=hg-a>📐 이행의 소 → 이행청구권을 주장하는 자 = 원고적격, 의무자로 주장된 자 = 피고적격(주장 자체로 판단, 권리 유무는 본안)</div></div>	법무사 민사소송법 2차 강조 기출직결 T1	2026-09-26-민사소송법-2차-(성명모용소송~압류 및 추심명령).md	민소-이행의소-당사자적격-주장자체로판단
자격증::법무사::민사소송법	cloze	말소등기청구에서 {{c1::등기의무자가 아닌 자}}를 상대로 한 소는 당사자적격이 없는 자를 상대로 한 부적법한 소이다		법무사 민사소송법 2차 강조 T1	2026-09-26-민사소송법-2차-(성명모용소송~압류 및 추심명령).md	민소-말소등기청구-등기의무자아닌자-부적법
자격증::법무사::민사소송법	cloze	법정소송담당 — 병행형 = {{c1::채권자대위소송 · 회사대표소송 · 채권추심명령을 받은 압류채권자}} / 갈음형 = {{c1::파산관재인}}	<style>.hg{--t:#1c1c1e;--m:#5f5f66;--bg:#f4f4f6;--ln:#d9d9de;--hl:#ffe9a8;--ac:#378ADD;color:var(--t);font-weight:400;text-align:left;font-size:16px;line-height:1.6;margin:8px auto 0;max-width:560px;word-break:keep-all}.nightMode .hg,.night_mode .hg{--t:#ececee;--m:#a9a9b0;--bg:#26262b;--ln:#3b3b42;--hl:#6a5410}.hg-o{--ac:#D85A30}.hg-b{--ac:#378ADD}.hg-g{--ac:#1D9E75}.hg-p{--ac:#7F77DD}.hg-a{border-left:4px solid var(--ac);background:var(--bg);border-radius:6px;padding:6px 10px;font-weight:700}.hg-f{margin:8px 0;padding:8px;border:1px solid var(--ln);border-radius:8px}.hg-w,.hg-x{font-size:14px;color:var(--m);margin-top:6px}.hg-w b,.hg-x b{margin-right:6px;font-weight:700}.hg-w b{color:var(--ac)}.hg-x b{color:#D85A30}.hg-v{display:inline-block;font-size:12px;border:1px solid var(--ln);border-radius:10px;padding:0 7px;color:var(--m);margin-top:6px}.hg-hl{background:var(--hl);border-radius:4px;padding:0 3px;font-weight:700}.hg-fl{display:flex;flex-wrap:wrap;align-items:center}.hg-fl span,.hg-fl i{margin:2px}.hg-fl .hg-e{border-style:dashed;background:none}.hg-fl span span{border:0;padding:0;margin:0;background:none}.hg-fl span{border:1px solid var(--ln);border-radius:6px;padding:2px 7px;background:var(--bg)}.hg-fl i{font-style:normal;font-size:13px;color:var(--m)}.hg-t{border-collapse:collapse;width:100%;font-size:14px}.hg-t td,.hg-t th{border:1px solid var(--ln);padding:4px 6px;vertical-align:top;text-align:left}.hg-t th{background:var(--bg);font-weight:700}.hg-tl{border-left:2px solid var(--ac);margin:2px 0 2px 6px;padding-left:10px}.hg-tl div{margin:3px 0}.hg-tl b{color:var(--ac)}.hg-q{font-weight:700;margin-bottom:4px}.hg-br div{margin:2px 0 2px 8px}.hg-tr ul{margin:2px 0 2px 14px;padding:0}.hg-tr li{margin:1px 0}.hg .cloze-inactive{font-size:0}.hg .cloze-inactive:after{content:'···';font-size:14px;color:var(--m)}</style><div class='hg hg-b'><div class=hg-f><table class=hg-t><tr><th>법정소송담당</th><th>예</th></tr><tr><td>병행형</td><td><span class=hg-hl>채권자대위소송 · 회사대표소송 · 추심채권자</span></td></tr><tr><td>갈음형</td><td><span class=hg-hl>파산관재인</span></td></tr></table></div></div>	법무사 민사소송법 2차 강조 T4	2026-09-26-민사소송법-2차-(성명모용소송~압류 및 추심명령).md	민소-법정소송담당-병행형갈음형
자격증::법무사::민사소송법	cloze	대위가 불가능한 권리 '청취통개류분' = {{c1::청약·승낙 · 친족회 동의 없는 취소권 · 채권양도의 통지 · 개개의 소송행위(상소·재심의 소 제기) · 유류분반환청구권 · 이혼 재산분할청구권}}	<style>.hg{--t:#1c1c1e;--m:#5f5f66;--bg:#f4f4f6;--ln:#d9d9de;--hl:#ffe9a8;--ac:#378ADD;color:var(--t);font-weight:400;text-align:left;font-size:16px;line-height:1.6;margin:8px auto 0;max-width:560px;word-break:keep-all}.nightMode .hg,.night_mode .hg{--t:#ececee;--m:#a9a9b0;--bg:#26262b;--ln:#3b3b42;--hl:#6a5410}.hg-o{--ac:#D85A30}.hg-b{--ac:#378ADD}.hg-g{--ac:#1D9E75}.hg-p{--ac:#7F77DD}.hg-a{border-left:4px solid var(--ac);background:var(--bg);border-radius:6px;padding:6px 10px;font-weight:700}.hg-f{margin:8px 0;padding:8px;border:1px solid var(--ln);border-radius:8px}.hg-w,.hg-x{font-size:14px;color:var(--m);margin-top:6px}.hg-w b,.hg-x b{margin-right:6px;font-weight:700}.hg-w b{color:var(--ac)}.hg-x b{color:#D85A30}.hg-v{display:inline-block;font-size:12px;border:1px solid var(--ln);border-radius:10px;padding:0 7px;color:var(--m);margin-top:6px}.hg-hl{background:var(--hl);border-radius:4px;padding:0 3px;font-weight:700}.hg-fl{display:flex;flex-wrap:wrap;align-items:center}.hg-fl span,.hg-fl i{margin:2px}.hg-fl .hg-e{border-style:dashed;background:none}.hg-fl span span{border:0;padding:0;margin:0;background:none}.hg-fl span{border:1px solid var(--ln);border-radius:6px;padding:2px 7px;background:var(--bg)}.hg-fl i{font-style:normal;font-size:13px;color:var(--m)}.hg-t{border-collapse:collapse;width:100%;font-size:14px}.hg-t td,.hg-t th{border:1px solid var(--ln);padding:4px 6px;vertical-align:top;text-align:left}.hg-t th{background:var(--bg);font-weight:700}.hg-tl{border-left:2px solid var(--ac);margin:2px 0 2px 6px;padding-left:10px}.hg-tl div{margin:3px 0}.hg-tl b{color:var(--ac)}.hg-q{font-weight:700;margin-bottom:4px}.hg-br div{margin:2px 0 2px 8px}.hg-tr ul{margin:2px 0 2px 14px;padding:0}.hg-tr li{margin:1px 0}.hg .cloze-inactive{font-size:0}.hg .cloze-inactive:after{content:'···';font-size:14px;color:var(--m)}</style><div class='hg hg-b'><div class=hg-f><div class=hg-tr><ul><li>대위 ×<ul><li><span class=hg-hl>청</span> 청약·승낙</li><li><span class=hg-hl>취</span> 친족회의 동의를 얻지 않은 취소권</li><li><span class=hg-hl>통</span> 채권양도의 통지</li><li><span class=hg-hl>개</span> 개개의 소송행위(상소 제기·재심의 소 제기)</li><li><span class=hg-hl>류</span> 유류분반환청구권</li><li><span class=hg-hl>분</span> 이혼으로 인한 재산분할청구권</li></ul></li></ul></div></div></div>	법무사 민사소송법 2차 강조 기출직결 T4	2026-09-26-민사소송법-2차-(성명모용소송~압류 및 추심명령).md	민소-대위불가권리-청취통개류분
자격증::법무사::민사소송법	cloze	추심명령 후에도 채권 자체는 채무자에게 있고 추심채권자는 {{c1::추심할 권능}}만 갖는다 → 채무자가 제3채무자를 상대로 이행의 소를 제기하는 것은 {{c2::집행권원을 확보해 둘 이익(시효중단·제소기간 준수·추심권 소멸 대비)}}이 있다		법무사 민사소송법 2차 강조 기출직결 T1	2026-09-26-민사소송법-2차-(성명모용소송~압류 및 추심명령).md	민소-추심명령-채무자이행의소-적법
자격증::법무사::민사소송법	cloze	채무자의 이행의 소에 추심채권자는 {{c1::사실심 변론종결 시까지 공동소송참가 · 상고심까지 공동소송적 보조참가}}를 할 수 있고, 채무자의 승소확정판결 효력이 추심채권자에게 미쳐 {{c2::승계집행문}}을 부여받아 곧바로 제3채무자에게 강제집행할 수 있다		법무사 민사소송법 2차 강조 기출직결 T1	2026-09-26-민사소송법-2차-(성명모용소송~압류 및 추심명령).md	민소-추심채권자-참가-승계집행문
자격증::법무사::민사소송법	cloze	동일 청구에 이미 승소 확정판결을 얻었으면 원칙적으로 소의 이익 × — 예외 '시집멸' = {{c1::시효중단의 필요 · 판결 불특정으로 집행 불가능 · 판결 원본의 멸실}}	<style>.hg{--t:#1c1c1e;--m:#5f5f66;--bg:#f4f4f6;--ln:#d9d9de;--hl:#ffe9a8;--ac:#378ADD;color:var(--t);font-weight:400;text-align:left;font-size:16px;line-height:1.6;margin:8px auto 0;max-width:560px;word-break:keep-all}.nightMode .hg,.night_mode .hg{--t:#ececee;--m:#a9a9b0;--bg:#26262b;--ln:#3b3b42;--hl:#6a5410}.hg-o{--ac:#D85A30}.hg-b{--ac:#378ADD}.hg-g{--ac:#1D9E75}.hg-p{--ac:#7F77DD}.hg-a{border-left:4px solid var(--ac);background:var(--bg);border-radius:6px;padding:6px 10px;font-weight:700}.hg-f{margin:8px 0;padding:8px;border:1px solid var(--ln);border-radius:8px}.hg-w,.hg-x{font-size:14px;color:var(--m);margin-top:6px}.hg-w b,.hg-x b{margin-right:6px;font-weight:700}.hg-w b{color:var(--ac)}.hg-x b{color:#D85A30}.hg-v{display:inline-block;font-size:12px;border:1px solid var(--ln);border-radius:10px;padding:0 7px;color:var(--m);margin-top:6px}.hg-hl{background:var(--hl);border-radius:4px;padding:0 3px;font-weight:700}.hg-fl{display:flex;flex-wrap:wrap;align-items:center}.hg-fl span,.hg-fl i{margin:2px}.hg-fl .hg-e{border-style:dashed;background:none}.hg-fl span span{border:0;padding:0;margin:0;background:none}.hg-fl span{border:1px solid var(--ln);border-radius:6px;padding:2px 7px;background:var(--bg)}.hg-fl i{font-style:normal;font-size:13px;color:var(--m)}.hg-t{border-collapse:collapse;width:100%;font-size:14px}.hg-t td,.hg-t th{border:1px solid var(--ln);padding:4px 6px;vertical-align:top;text-align:left}.hg-t th{background:var(--bg);font-weight:700}.hg-tl{border-left:2px solid var(--ac);margin:2px 0 2px 6px;padding-left:10px}.hg-tl div{margin:3px 0}.hg-tl b{color:var(--ac)}.hg-q{font-weight:700;margin-bottom:4px}.hg-br div{margin:2px 0 2px 8px}.hg-tr ul{margin:2px 0 2px 14px;padding:0}.hg-tr li{margin:1px 0}.hg .cloze-inactive{font-size:0}.hg .cloze-inactive:after{content:'···';font-size:14px;color:var(--m)}</style><div class='hg hg-b'><div class=hg-f><table class=hg-t><tr><th>두문자</th><th>소의 이익 ○</th></tr><tr><td><span class=hg-hl>시</span></td><td>시효중단의 필요</td></tr><tr><td><span class=hg-hl>집</span></td><td>판결 내용 불특정으로 집행 불가능</td></tr><tr><td><span class=hg-hl>멸</span></td><td>판결 원본의 멸실</td></tr></table></div></div>	법무사 민사소송법 2차 강조 T4	2026-09-27-민사소송법-2차-(소의이익~재소금지).md	민소-승소확정후재소-예외-시집멸
자격증::법무사::민사소송법	cloze	<style>.hg{--t:#1c1c1e;--m:#5f5f66;--bg:#f4f4f6;--ln:#d9d9de;--hl:#ffe9a8;--ac:#378ADD;color:var(--t);font-weight:400;text-align:left;font-size:16px;line-height:1.6;margin:8px auto 0;max-width:560px;word-break:keep-all}.nightMode .hg,.night_mode .hg{--t:#ececee;--m:#a9a9b0;--bg:#26262b;--ln:#3b3b42;--hl:#6a5410}.hg-o{--ac:#D85A30}.hg-b{--ac:#378ADD}.hg-g{--ac:#1D9E75}.hg-p{--ac:#7F77DD}.hg-a{border-left:4px solid var(--ac);background:var(--bg);border-radius:6px;padding:6px 10px;font-weight:700}.hg-f{margin:8px 0;padding:8px;border:1px solid var(--ln);border-radius:8px}.hg-w,.hg-x{font-size:14px;color:var(--m);margin-top:6px}.hg-w b,.hg-x b{margin-right:6px;font-weight:700}.hg-w b{color:var(--ac)}.hg-x b{color:#D85A30}.hg-v{display:inline-block;font-size:12px;border:1px solid var(--ln);border-radius:10px;padding:0 7px;color:var(--m);margin-top:6px}.hg-hl{background:var(--hl);border-radius:4px;padding:0 3px;font-weight:700}.hg-fl{display:flex;flex-wrap:wrap;align-items:center}.hg-fl span,.hg-fl i{margin:2px}.hg-fl .hg-e{border-style:dashed;background:none}.hg-fl span span{border:0;padding:0;margin:0;background:none}.hg-fl span{border:1px solid var(--ln);border-radius:6px;padding:2px 7px;background:var(--bg)}.hg-fl i{font-style:normal;font-size:13px;color:var(--m)}.hg-t{border-collapse:collapse;width:100%;font-size:14px}.hg-t td,.hg-t th{border:1px solid var(--ln);padding:4px 6px;vertical-align:top;text-align:left}.hg-t th{background:var(--bg);font-weight:700}.hg-tl{border-left:2px solid var(--ac);margin:2px 0 2px 6px;padding-left:10px}.hg-tl div{margin:3px 0}.hg-tl b{color:var(--ac)}.hg-q{font-weight:700;margin-bottom:4px}.hg-br div{margin:2px 0 2px 8px}.hg-tr ul{margin:2px 0 2px 14px;padding:0}.hg-tr li{margin:1px 0}.hg .cloze-inactive{font-size:0}.hg .cloze-inactive:after{content:'···';font-size:14px;color:var(--m)}</style><div class='hg hg-b'><div class=hg-q>시효중단을 위한 재소 — 재이방판</div><table class=hg-t><tr><th>논점</th><th>내용</th></tr><tr><td>재소의 이익</td><td>소멸시효기간 10년의 경과가 {{c1::임박}}하면 소의 이익 ○ — 확정 후 10년이 지나 제기됐어도 곧바로 각하하면 안 된다</td></tr><tr><td>재소의 방식</td><td>{{c2::전소와 같은 이행청구뿐 아니라 재판상 청구가 있다는 확인을 구하는 확인소송도 허용}}</td></tr><tr><td>후소법원의 판단</td><td>{{c3::확정된 권리의 요건을 다시 심리할 수 없다 — 단 후새사(변론종결 후 새로 발생한 사유)는 판단 가능}}</td></tr></table></div>	<style>.hg .cloze-inactive{font-size:inherit}.hg .cloze-inactive:after{content:none}</style><div class='hg hg-b'><div class=hg-w><b>기억</b> 두문자 재이방판</div></div>	법무사 민사소송법 2차 강조 기출직결 중괄호 T2	2026-09-27-민사소송법-2차-(소의이익~재소금지).md	민소-시효중단재소-재이방판-가족표
자격증::법무사::민사소송법	cloze	중복제소 금지(제259조) — 이미 법원에 소송계속 중인 사건과 동일한 사건에 관하여 당사자는 다시 소를 제기하지 못한다 — 취지 = {{c1::판결의 모순과 저촉 방지}}	<style>.hg{--t:#1c1c1e;--m:#5f5f66;--bg:#f4f4f6;--ln:#d9d9de;--hl:#ffe9a8;--ac:#378ADD;color:var(--t);font-weight:400;text-align:left;font-size:16px;line-height:1.6;margin:8px auto 0;max-width:560px;word-break:keep-all}.nightMode .hg,.night_mode .hg{--t:#ececee;--m:#a9a9b0;--bg:#26262b;--ln:#3b3b42;--hl:#6a5410}.hg-o{--ac:#D85A30}.hg-b{--ac:#378ADD}.hg-g{--ac:#1D9E75}.hg-p{--ac:#7F77DD}.hg-a{border-left:4px solid var(--ac);background:var(--bg);border-radius:6px;padding:6px 10px;font-weight:700}.hg-f{margin:8px 0;padding:8px;border:1px solid var(--ln);border-radius:8px}.hg-w,.hg-x{font-size:14px;color:var(--m);margin-top:6px}.hg-w b,.hg-x b{margin-right:6px;font-weight:700}.hg-w b{color:var(--ac)}.hg-x b{color:#D85A30}.hg-v{display:inline-block;font-size:12px;border:1px solid var(--ln);border-radius:10px;padding:0 7px;color:var(--m);margin-top:6px}.hg-hl{background:var(--hl);border-radius:4px;padding:0 3px;font-weight:700}.hg-fl{display:flex;flex-wrap:wrap;align-items:center}.hg-fl span,.hg-fl i{margin:2px}.hg-fl .hg-e{border-style:dashed;background:none}.hg-fl span span{border:0;padding:0;margin:0;background:none}.hg-fl span{border:1px solid var(--ln);border-radius:6px;padding:2px 7px;background:var(--bg)}.hg-fl i{font-style:normal;font-size:13px;color:var(--m)}.hg-t{border-collapse:collapse;width:100%;font-size:14px}.hg-t td,.hg-t th{border:1px solid var(--ln);padding:4px 6px;vertical-align:top;text-align:left}.hg-t th{background:var(--bg);font-weight:700}.hg-tl{border-left:2px solid var(--ac);margin:2px 0 2px 6px;padding-left:10px}.hg-tl div{margin:3px 0}.hg-tl b{color:var(--ac)}.hg-q{font-weight:700;margin-bottom:4px}.hg-br div{margin:2px 0 2px 8px}.hg-tr ul{margin:2px 0 2px 14px;padding:0}.hg-tr li{margin:1px 0}.hg .cloze-inactive{font-size:0}.hg .cloze-inactive:after{content:'···';font-size:14px;color:var(--m)}</style><div class='hg hg-b'><div class=hg-w><b>기억</b> 제259조 — 중이오구있다</div></div>	법무사 민사소송법 2차 강조 기출직결 T1	2026-09-27-민사소송법-2차-(소의이익~재소금지).md	민소-중복제소금지-취지
자격증::법무사::민사소송법	cloze	중복제소금지의 요건 '당소개' 3 = {{c1::당사자 동일 · 소송물 동일 · 전소 소송계속 중 후소의 제기}}	<style>.hg{--t:#1c1c1e;--m:#5f5f66;--bg:#f4f4f6;--ln:#d9d9de;--hl:#ffe9a8;--ac:#378ADD;color:var(--t);font-weight:400;text-align:left;font-size:16px;line-height:1.6;margin:8px auto 0;max-width:560px;word-break:keep-all}.nightMode .hg,.night_mode .hg{--t:#ececee;--m:#a9a9b0;--bg:#26262b;--ln:#3b3b42;--hl:#6a5410}.hg-o{--ac:#D85A30}.hg-b{--ac:#378ADD}.hg-g{--ac:#1D9E75}.hg-p{--ac:#7F77DD}.hg-a{border-left:4px solid var(--ac);background:var(--bg);border-radius:6px;padding:6px 10px;font-weight:700}.hg-f{margin:8px 0;padding:8px;border:1px solid var(--ln);border-radius:8px}.hg-w,.hg-x{font-size:14px;color:var(--m);margin-top:6px}.hg-w b,.hg-x b{margin-right:6px;font-weight:700}.hg-w b{color:var(--ac)}.hg-x b{color:#D85A30}.hg-v{display:inline-block;font-size:12px;border:1px solid var(--ln);border-radius:10px;padding:0 7px;color:var(--m);margin-top:6px}.hg-hl{background:var(--hl);border-radius:4px;padding:0 3px;font-weight:700}.hg-fl{display:flex;flex-wrap:wrap;align-items:center}.hg-fl span,.hg-fl i{margin:2px}.hg-fl .hg-e{border-style:dashed;background:none}.hg-fl span span{border:0;padding:0;margin:0;background:none}.hg-fl span{border:1px solid var(--ln);border-radius:6px;padding:2px 7px;background:var(--bg)}.hg-fl i{font-style:normal;font-size:13px;color:var(--m)}.hg-t{border-collapse:collapse;width:100%;font-size:14px}.hg-t td,.hg-t th{border:1px solid var(--ln);padding:4px 6px;vertical-align:top;text-align:left}.hg-t th{background:var(--bg);font-weight:700}.hg-tl{border-left:2px solid var(--ac);margin:2px 0 2px 6px;padding-left:10px}.hg-tl div{margin:3px 0}.hg-tl b{color:var(--ac)}.hg-q{font-weight:700;margin-bottom:4px}.hg-br div{margin:2px 0 2px 8px}.hg-tr ul{margin:2px 0 2px 14px;padding:0}.hg-tr li{margin:1px 0}.hg .cloze-inactive{font-size:0}.hg .cloze-inactive:after{content:'···';font-size:14px;color:var(--m)}</style><div class='hg hg-b'><div class=hg-f><table class=hg-t><tr><th>두문자</th><th>요건</th></tr><tr><td><span class=hg-hl>당</span></td><td>당사자 동일</td></tr><tr><td><span class=hg-hl>소</span></td><td>소송물 동일</td></tr><tr><td><span class=hg-hl>개</span></td><td>전소 소송계속 중 후소의 제기</td></tr></table></div></div>	법무사 민사소송법 2차 강조 기출직결 T4	2026-09-27-민사소송법-2차-(소의이익~재소금지).md	민소-중복제소요건-당소개
자격증::법무사::민사소송법	cloze	중복제소의 당사자 동일 — {{c1::원고와 피고가 서로 바뀐 역전형}}도 당사자 동일을 인정한다		법무사 민사소송법 2차 강조 T1	2026-09-27-민사소송법-2차-(소의이익~재소금지).md	민소-중복제소-당사자동일-역전형
자격증::법무사::민사소송법	cloze	중복제소 — 당사자가 달라도 후소의 당사자가 전소 판결의 효력을 받게 될 경우 당사자 동일 인정 = {{c1::변론종결 후 승계인 · 목적물 소지자 · 제3자 소송담당에서 권리귀속주체}}	<style>.hg{--t:#1c1c1e;--m:#5f5f66;--bg:#f4f4f6;--ln:#d9d9de;--hl:#ffe9a8;--ac:#378ADD;color:var(--t);font-weight:400;text-align:left;font-size:16px;line-height:1.6;margin:8px auto 0;max-width:560px;word-break:keep-all}.nightMode .hg,.night_mode .hg{--t:#ececee;--m:#a9a9b0;--bg:#26262b;--ln:#3b3b42;--hl:#6a5410}.hg-o{--ac:#D85A30}.hg-b{--ac:#378ADD}.hg-g{--ac:#1D9E75}.hg-p{--ac:#7F77DD}.hg-a{border-left:4px solid var(--ac);background:var(--bg);border-radius:6px;padding:6px 10px;font-weight:700}.hg-f{margin:8px 0;padding:8px;border:1px solid var(--ln);border-radius:8px}.hg-w,.hg-x{font-size:14px;color:var(--m);margin-top:6px}.hg-w b,.hg-x b{margin-right:6px;font-weight:700}.hg-w b{color:var(--ac)}.hg-x b{color:#D85A30}.hg-v{display:inline-block;font-size:12px;border:1px solid var(--ln);border-radius:10px;padding:0 7px;color:var(--m);margin-top:6px}.hg-hl{background:var(--hl);border-radius:4px;padding:0 3px;font-weight:700}.hg-fl{display:flex;flex-wrap:wrap;align-items:center}.hg-fl span,.hg-fl i{margin:2px}.hg-fl .hg-e{border-style:dashed;background:none}.hg-fl span span{border:0;padding:0;margin:0;background:none}.hg-fl span{border:1px solid var(--ln);border-radius:6px;padding:2px 7px;background:var(--bg)}.hg-fl i{font-style:normal;font-size:13px;color:var(--m)}.hg-t{border-collapse:collapse;width:100%;font-size:14px}.hg-t td,.hg-t th{border:1px solid var(--ln);padding:4px 6px;vertical-align:top;text-align:left}.hg-t th{background:var(--bg);font-weight:700}.hg-tl{border-left:2px solid var(--ac);margin:2px 0 2px 6px;padding-left:10px}.hg-tl div{margin:3px 0}.hg-tl b{color:var(--ac)}.hg-q{font-weight:700;margin-bottom:4px}.hg-br div{margin:2px 0 2px 8px}.hg-tr ul{margin:2px 0 2px 14px;padding:0}.hg-tr li{margin:1px 0}.hg .cloze-inactive{font-size:0}.hg .cloze-inactive:after{content:'···';font-size:14px;color:var(--m)}</style><div class='hg hg-b'><div class=hg-f><div class=hg-tr><ul><li>전소 판결의 효력을 받는 후소 당사자<ul><li><span class=hg-hl>변론종결 후 승계인</span></li><li><span class=hg-hl>목적물 소지자</span></li><li><span class=hg-hl>제3자 소송담당에서 권리귀속주체</span></li></ul></li></ul></div></div></div>	법무사 민사소송법 2차 강조 T4	2026-09-27-민사소송법-2차-(소의이익~재소금지).md	민소-중복제소-당사자동일확장3
자격증::법무사::민사소송법	cloze	채권자대위소송과 중복제소 — ① 대위소송 계속 중 채무자가 제소 ② 채무자 소송 계속 중 대위소송 제기 ③ 대위소송끼리 경합 → 모두 당사자는 달라도 {{c1::실질상 동일한 소}}로 본다		법무사 민사소송법 2차 강조 기출직결 T1	2026-09-27-민사소송법-2차-(소의이익~재소금지).md	민소-중복제소-대위소송3유형-실질동일
자격증::법무사::민사소송법	cloze	채무이행청구소송과 채무부존재확인소송 — 청구취지·청구원인이 달라 {{c1::중복제소는 아니지만}}, 채무부존재확인을 구하는 것은 {{c1::소의 이익이 없다}}		법무사 민사소송법 2차 강조 T1	2026-09-27-민사소송법-2차-(소의이익~재소금지).md	민소-이행청구vs부존재확인-중복아님-이익없음
자격증::법무사::민사소송법	cloze	중복제소의 전소·후소 구별 기준 = {{c1::소장이 피고에게 송달된 때}}의 선후		법무사 민사소송법 2차 강조 T1	2026-09-27-민사소송법-2차-(소의이익~재소금지).md	민소-전소후소구별-소장송달시
자격증::법무사::민사소송법	cloze	전소가 부적법해도 {{c1::소송계속이 소멸하지 않았다면}} 후소는 중복제소금지에 위배된다		법무사 민사소송법 2차 강조 T1	2026-09-27-민사소송법-2차-(소의이익~재소금지).md	민소-전소부적법-소송계속존속시-중복제소
자격증::법무사::민사소송법	cloze	재소금지(제267조 제2항)의 취지 = {{c1::소취하로 판결에 들인 법원의 노력이 무용화되고 종국판결이 당사자에게 농락당하는 것을 막는 제재}}		법무사 민사소송법 2차 강조 기출직결 T1	2026-09-27-민사소송법-2차-(소의이익~재소금지).md	민소-재소금지-취지-제재
자격증::법무사::민사소송법	cloze	재소금지의 요건 '당소리본' 4 = {{c1::당사자 동일 · 소송물 동일 · 권리보호이익 동일 · 본안에 대한 종국판결 선고 후의 소취하}}	<style>.hg{--t:#1c1c1e;--m:#5f5f66;--bg:#f4f4f6;--ln:#d9d9de;--hl:#ffe9a8;--ac:#378ADD;color:var(--t);font-weight:400;text-align:left;font-size:16px;line-height:1.6;margin:8px auto 0;max-width:560px;word-break:keep-all}.nightMode .hg,.night_mode .hg{--t:#ececee;--m:#a9a9b0;--bg:#26262b;--ln:#3b3b42;--hl:#6a5410}.hg-o{--ac:#D85A30}.hg-b{--ac:#378ADD}.hg-g{--ac:#1D9E75}.hg-p{--ac:#7F77DD}.hg-a{border-left:4px solid var(--ac);background:var(--bg);border-radius:6px;padding:6px 10px;font-weight:700}.hg-f{margin:8px 0;padding:8px;border:1px solid var(--ln);border-radius:8px}.hg-w,.hg-x{font-size:14px;color:var(--m);margin-top:6px}.hg-w b,.hg-x b{margin-right:6px;font-weight:700}.hg-w b{color:var(--ac)}.hg-x b{color:#D85A30}.hg-v{display:inline-block;font-size:12px;border:1px solid var(--ln);border-radius:10px;padding:0 7px;color:var(--m);margin-top:6px}.hg-hl{background:var(--hl);border-radius:4px;padding:0 3px;font-weight:700}.hg-fl{display:flex;flex-wrap:wrap;align-items:center}.hg-fl span,.hg-fl i{margin:2px}.hg-fl .hg-e{border-style:dashed;background:none}.hg-fl span span{border:0;padding:0;margin:0;background:none}.hg-fl span{border:1px solid var(--ln);border-radius:6px;padding:2px 7px;background:var(--bg)}.hg-fl i{font-style:normal;font-size:13px;color:var(--m)}.hg-t{border-collapse:collapse;width:100%;font-size:14px}.hg-t td,.hg-t th{border:1px solid var(--ln);padding:4px 6px;vertical-align:top;text-align:left}.hg-t th{background:var(--bg);font-weight:700}.hg-tl{border-left:2px solid var(--ac);margin:2px 0 2px 6px;padding-left:10px}.hg-tl div{margin:3px 0}.hg-tl b{color:var(--ac)}.hg-q{font-weight:700;margin-bottom:4px}.hg-br div{margin:2px 0 2px 8px}.hg-tr ul{margin:2px 0 2px 14px;padding:0}.hg-tr li{margin:1px 0}.hg .cloze-inactive{font-size:0}.hg .cloze-inactive:after{content:'···';font-size:14px;color:var(--m)}</style><div class='hg hg-b'><div class=hg-f><table class=hg-t><tr><th>두문자</th><th>요건</th></tr><tr><td><span class=hg-hl>당</span></td><td>당사자 동일</td></tr><tr><td><span class=hg-hl>소</span></td><td>소송물 동일</td></tr><tr><td><span class=hg-hl>리</span></td><td>권리보호이익 동일</td></tr><tr><td><span class=hg-hl>본</span></td><td>본안 종국판결 선고 후의 소취하</td></tr></table></div></div>	법무사 민사소송법 2차 강조 기출직결 T4	2026-09-27-민사소송법-2차-(소의이익~재소금지).md	민소-재소금지요건-당소리본
자격증::법무사::민사소송법	cloze	재소금지의 제재는 {{c1::전소의 원고}}만 받는다	<style>.hg{--t:#1c1c1e;--m:#5f5f66;--bg:#f4f4f6;--ln:#d9d9de;--hl:#ffe9a8;--ac:#378ADD;color:var(--t);font-weight:400;text-align:left;font-size:16px;line-height:1.6;margin:8px auto 0;max-width:560px;word-break:keep-all}.nightMode .hg,.night_mode .hg{--t:#ececee;--m:#a9a9b0;--bg:#26262b;--ln:#3b3b42;--hl:#6a5410}.hg-o{--ac:#D85A30}.hg-b{--ac:#378ADD}.hg-g{--ac:#1D9E75}.hg-p{--ac:#7F77DD}.hg-a{border-left:4px solid var(--ac);background:var(--bg);border-radius:6px;padding:6px 10px;font-weight:700}.hg-f{margin:8px 0;padding:8px;border:1px solid var(--ln);border-radius:8px}.hg-w,.hg-x{font-size:14px;color:var(--m);margin-top:6px}.hg-w b,.hg-x b{margin-right:6px;font-weight:700}.hg-w b{color:var(--ac)}.hg-x b{color:#D85A30}.hg-v{display:inline-block;font-size:12px;border:1px solid var(--ln);border-radius:10px;padding:0 7px;color:var(--m);margin-top:6px}.hg-hl{background:var(--hl);border-radius:4px;padding:0 3px;font-weight:700}.hg-fl{display:flex;flex-wrap:wrap;align-items:center}.hg-fl span,.hg-fl i{margin:2px}.hg-fl .hg-e{border-style:dashed;background:none}.hg-fl span span{border:0;padding:0;margin:0;background:none}.hg-fl span{border:1px solid var(--ln);border-radius:6px;padding:2px 7px;background:var(--bg)}.hg-fl i{font-style:normal;font-size:13px;color:var(--m)}.hg-t{border-collapse:collapse;width:100%;font-size:14px}.hg-t td,.hg-t th{border:1px solid var(--ln);padding:4px 6px;vertical-align:top;text-align:left}.hg-t th{background:var(--bg);font-weight:700}.hg-tl{border-left:2px solid var(--ac);margin:2px 0 2px 6px;padding-left:10px}.hg-tl div{margin:3px 0}.hg-tl b{color:var(--ac)}.hg-q{font-weight:700;margin-bottom:4px}.hg-br div{margin:2px 0 2px 8px}.hg-tr ul{margin:2px 0 2px 14px;padding:0}.hg-tr li{margin:1px 0}.hg .cloze-inactive{font-size:0}.hg .cloze-inactive:after{content:'···';font-size:14px;color:var(--m)}</style><div class='hg hg-b'><div class=hg-x><b>함정</b> 전소의 피고나 보조참가인 등은 받지 않는다</div></div>	법무사 민사소송법 2차 강조 T1	2026-09-27-민사소송법-2차-(소의이익~재소금지).md	민소-재소금지-제재대상-전소원고만
자격증::법무사::민사소송법	cloze	채권자대위소송을 한 채권자가 소를 취하한 뒤 채무자가 소를 제기하면 → 기판력 법리 '무알미'를 차용해 {{c1::채무자도 재소금지 적용 — 대위소송과 동일한 소 제기 불가}}	<style>.hg{--t:#1c1c1e;--m:#5f5f66;--bg:#f4f4f6;--ln:#d9d9de;--hl:#ffe9a8;--ac:#378ADD;color:var(--t);font-weight:400;text-align:left;font-size:16px;line-height:1.6;margin:8px auto 0;max-width:560px;word-break:keep-all}.nightMode .hg,.night_mode .hg{--t:#ececee;--m:#a9a9b0;--bg:#26262b;--ln:#3b3b42;--hl:#6a5410}.hg-o{--ac:#D85A30}.hg-b{--ac:#378ADD}.hg-g{--ac:#1D9E75}.hg-p{--ac:#7F77DD}.hg-a{border-left:4px solid var(--ac);background:var(--bg);border-radius:6px;padding:6px 10px;font-weight:700}.hg-f{margin:8px 0;padding:8px;border:1px solid var(--ln);border-radius:8px}.hg-w,.hg-x{font-size:14px;color:var(--m);margin-top:6px}.hg-w b,.hg-x b{margin-right:6px;font-weight:700}.hg-w b{color:var(--ac)}.hg-x b{color:#D85A30}.hg-v{display:inline-block;font-size:12px;border:1px solid var(--ln);border-radius:10px;padding:0 7px;color:var(--m);margin-top:6px}.hg-hl{background:var(--hl);border-radius:4px;padding:0 3px;font-weight:700}.hg-fl{display:flex;flex-wrap:wrap;align-items:center}.hg-fl span,.hg-fl i{margin:2px}.hg-fl .hg-e{border-style:dashed;background:none}.hg-fl span span{border:0;padding:0;margin:0;background:none}.hg-fl span{border:1px solid var(--ln);border-radius:6px;padding:2px 7px;background:var(--bg)}.hg-fl i{font-style:normal;font-size:13px;color:var(--m)}.hg-t{border-collapse:collapse;width:100%;font-size:14px}.hg-t td,.hg-t th{border:1px solid var(--ln);padding:4px 6px;vertical-align:top;text-align:left}.hg-t th{background:var(--bg);font-weight:700}.hg-tl{border-left:2px solid var(--ac);margin:2px 0 2px 6px;padding-left:10px}.hg-tl div{margin:3px 0}.hg-tl b{color:var(--ac)}.hg-q{font-weight:700;margin-bottom:4px}.hg-br div{margin:2px 0 2px 8px}.hg-tr ul{margin:2px 0 2px 14px;padding:0}.hg-tr li{margin:1px 0}.hg .cloze-inactive{font-size:0}.hg .cloze-inactive:after{content:'···';font-size:14px;color:var(--m)}</style><div class='hg hg-b'><div class=hg-x><b>함정</b> 중복제소는 채무자가 알든 모르든 적용되는 것과 구별</div></div>	법무사 민사소송법 2차 강조 기출직결 T1	2026-09-27-민사소송법-2차-(소의이익~재소금지).md	민소-재소금지-대위채권자취하후채무자-무알미
자격증::법무사::민사소송법	cloze	후소가 전소의 소송물을 {{c1::선결적 법률관계}}로 하는 때(소유권 ↔ 소유권에 기한 인도청구)에는 소송물이 달라도 재소금지의 동일한 소로 본다	<style>.hg{--t:#1c1c1e;--m:#5f5f66;--bg:#f4f4f6;--ln:#d9d9de;--hl:#ffe9a8;--ac:#378ADD;color:var(--t);font-weight:400;text-align:left;font-size:16px;line-height:1.6;margin:8px auto 0;max-width:560px;word-break:keep-all}.nightMode .hg,.night_mode .hg{--t:#ececee;--m:#a9a9b0;--bg:#26262b;--ln:#3b3b42;--hl:#6a5410}.hg-o{--ac:#D85A30}.hg-b{--ac:#378ADD}.hg-g{--ac:#1D9E75}.hg-p{--ac:#7F77DD}.hg-a{border-left:4px solid var(--ac);background:var(--bg);border-radius:6px;padding:6px 10px;font-weight:700}.hg-f{margin:8px 0;padding:8px;border:1px solid var(--ln);border-radius:8px}.hg-w,.hg-x{font-size:14px;color:var(--m);margin-top:6px}.hg-w b,.hg-x b{margin-right:6px;font-weight:700}.hg-w b{color:var(--ac)}.hg-x b{color:#D85A30}.hg-v{display:inline-block;font-size:12px;border:1px solid var(--ln);border-radius:10px;padding:0 7px;color:var(--m);margin-top:6px}.hg-hl{background:var(--hl);border-radius:4px;padding:0 3px;font-weight:700}.hg-fl{display:flex;flex-wrap:wrap;align-items:center}.hg-fl span,.hg-fl i{margin:2px}.hg-fl .hg-e{border-style:dashed;background:none}.hg-fl span span{border:0;padding:0;margin:0;background:none}.hg-fl span{border:1px solid var(--ln);border-radius:6px;padding:2px 7px;background:var(--bg)}.hg-fl i{font-style:normal;font-size:13px;color:var(--m)}.hg-t{border-collapse:collapse;width:100%;font-size:14px}.hg-t td,.hg-t th{border:1px solid var(--ln);padding:4px 6px;vertical-align:top;text-align:left}.hg-t th{background:var(--bg);font-weight:700}.hg-tl{border-left:2px solid var(--ac);margin:2px 0 2px 6px;padding-left:10px}.hg-tl div{margin:3px 0}.hg-tl b{color:var(--ac)}.hg-q{font-weight:700;margin-bottom:4px}.hg-br div{margin:2px 0 2px 8px}.hg-tr ul{margin:2px 0 2px 14px;padding:0}.hg-tr li{margin:1px 0}.hg .cloze-inactive{font-size:0}.hg .cloze-inactive:after{content:'···';font-size:14px;color:var(--m)}</style><div class='hg hg-b'><div class=hg-w><b>왜</b> 원고는 전소의 목적이던 권리·법률관계의 존부에 대해 다시 법원의 판단을 구할 수 없기 때문</div></div>	법무사 민사소송법 2차 강조 기출직결 T1	2026-09-27-민사소송법-2차-(소의이익~재소금지).md	민소-재소금지-소송물-선결관계
자격증::법무사::민사소송법	cloze	새로운 권리보호이익이 인정되어 재소가 가능한 경우 '재약사허가' = {{c1::재침해 · 약정 불이행 · 사정변경 · 허가(토지거래허가 후 재청구)}}	<style>.hg{--t:#1c1c1e;--m:#5f5f66;--bg:#f4f4f6;--ln:#d9d9de;--hl:#ffe9a8;--ac:#378ADD;color:var(--t);font-weight:400;text-align:left;font-size:16px;line-height:1.6;margin:8px auto 0;max-width:560px;word-break:keep-all}.nightMode .hg,.night_mode .hg{--t:#ececee;--m:#a9a9b0;--bg:#26262b;--ln:#3b3b42;--hl:#6a5410}.hg-o{--ac:#D85A30}.hg-b{--ac:#378ADD}.hg-g{--ac:#1D9E75}.hg-p{--ac:#7F77DD}.hg-a{border-left:4px solid var(--ac);background:var(--bg);border-radius:6px;padding:6px 10px;font-weight:700}.hg-f{margin:8px 0;padding:8px;border:1px solid var(--ln);border-radius:8px}.hg-w,.hg-x{font-size:14px;color:var(--m);margin-top:6px}.hg-w b,.hg-x b{margin-right:6px;font-weight:700}.hg-w b{color:var(--ac)}.hg-x b{color:#D85A30}.hg-v{display:inline-block;font-size:12px;border:1px solid var(--ln);border-radius:10px;padding:0 7px;color:var(--m);margin-top:6px}.hg-hl{background:var(--hl);border-radius:4px;padding:0 3px;font-weight:700}.hg-fl{display:flex;flex-wrap:wrap;align-items:center}.hg-fl span,.hg-fl i{margin:2px}.hg-fl .hg-e{border-style:dashed;background:none}.hg-fl span span{border:0;padding:0;margin:0;background:none}.hg-fl span{border:1px solid var(--ln);border-radius:6px;padding:2px 7px;background:var(--bg)}.hg-fl i{font-style:normal;font-size:13px;color:var(--m)}.hg-t{border-collapse:collapse;width:100%;font-size:14px}.hg-t td,.hg-t th{border:1px solid var(--ln);padding:4px 6px;vertical-align:top;text-align:left}.hg-t th{background:var(--bg);font-weight:700}.hg-tl{border-left:2px solid var(--ac);margin:2px 0 2px 6px;padding-left:10px}.hg-tl div{margin:3px 0}.hg-tl b{color:var(--ac)}.hg-q{font-weight:700;margin-bottom:4px}.hg-br div{margin:2px 0 2px 8px}.hg-tr ul{margin:2px 0 2px 14px;padding:0}.hg-tr li{margin:1px 0}.hg .cloze-inactive{font-size:0}.hg .cloze-inactive:after{content:'···';font-size:14px;color:var(--m)}</style><div class='hg hg-b'><div class=hg-f><table class=hg-t><tr><th>두문자</th><th>사안</th></tr><tr><td><span class=hg-hl>재</span></td><td>재침해 — 침해 중지로 취하했는데 다시 침해</td></tr><tr><td><span class=hg-hl>약</span></td><td>약정 불이행 — 변제 확약으로 취하했는데 불이행</td></tr><tr><td><span class=hg-hl>사</span></td><td>사정변경 — 약정이 해제·실효</td></tr><tr><td><span class=hg-hl>허가</span></td><td>소취하 후 토지거래허가를 받고 다시 소유권이전등기 청구</td></tr></table></div></div>	법무사 민사소송법 2차 강조 T4	2026-09-27-민사소송법-2차-(소의이익~재소금지).md	민소-재소가능-새권리보호이익-재약사허가
자격증::법무사::민사소송법	cloze	소송판결(소각하판결·소송종료선언 등) 뒤의 소취하는 재소금지 제재가 {{c1::없다 — 앞선 판결이 본안에 대한 종국판결이어야 한다}}		법무사 민사소송법 2차 강조 T1	2026-09-27-민사소송법-2차-(소의이익~재소금지).md	민소-재소금지-소송판결후취하-제재없음
자격증::법무사::민사소송법	cloze	교환적 변경은 {{c1::신소 제기와 구소 취하의 결합}} 형태로 보므로 재소금지 사안에 해당한다		법무사 민사소송법 2차 강조 T1	2026-09-27-민사소송법-2차-(소의이익~재소금지).md	민소-재소금지-교환적변경-해당
자격증::법무사::민사소송법	cloze	재소금지의 효과 — 같은 소송물로 다시 소를 제기하지 못하게 할 뿐 {{c1::실체상의 권리는 소멸하지 않는다}}		법무사 민사소송법 2차 강조 기출직결 T1	2026-09-27-민사소송법-2차-(소의이익~재소금지).md	민소-재소금지효과-실체권존속
자격증::법무사::민사소송법	cloze	부제소특약의 유효요건 '처특예불' 4 = {{c1::처분할 수 있는 권리범위 내 · 특정한 권리관계에 관한 합의 · 법적 효과의 예견 가능 · 불공정한 방법이 아닐 것}}	<style>.hg{--t:#1c1c1e;--m:#5f5f66;--bg:#f4f4f6;--ln:#d9d9de;--hl:#ffe9a8;--ac:#378ADD;color:var(--t);font-weight:400;text-align:left;font-size:16px;line-height:1.6;margin:8px auto 0;max-width:560px;word-break:keep-all}.nightMode .hg,.night_mode .hg{--t:#ececee;--m:#a9a9b0;--bg:#26262b;--ln:#3b3b42;--hl:#6a5410}.hg-o{--ac:#D85A30}.hg-b{--ac:#378ADD}.hg-g{--ac:#1D9E75}.hg-p{--ac:#7F77DD}.hg-a{border-left:4px solid var(--ac);background:var(--bg);border-radius:6px;padding:6px 10px;font-weight:700}.hg-f{margin:8px 0;padding:8px;border:1px solid var(--ln);border-radius:8px}.hg-w,.hg-x{font-size:14px;color:var(--m);margin-top:6px}.hg-w b,.hg-x b{margin-right:6px;font-weight:700}.hg-w b{color:var(--ac)}.hg-x b{color:#D85A30}.hg-v{display:inline-block;font-size:12px;border:1px solid var(--ln);border-radius:10px;padding:0 7px;color:var(--m);margin-top:6px}.hg-hl{background:var(--hl);border-radius:4px;padding:0 3px;font-weight:700}.hg-fl{display:flex;flex-wrap:wrap;align-items:center}.hg-fl span,.hg-fl i{margin:2px}.hg-fl .hg-e{border-style:dashed;background:none}.hg-fl span span{border:0;padding:0;margin:0;background:none}.hg-fl span{border:1px solid var(--ln);border-radius:6px;padding:2px 7px;background:var(--bg)}.hg-fl i{font-style:normal;font-size:13px;color:var(--m)}.hg-t{border-collapse:collapse;width:100%;font-size:14px}.hg-t td,.hg-t th{border:1px solid var(--ln);padding:4px 6px;vertical-align:top;text-align:left}.hg-t th{background:var(--bg);font-weight:700}.hg-tl{border-left:2px solid var(--ac);margin:2px 0 2px 6px;padding-left:10px}.hg-tl div{margin:3px 0}.hg-tl b{color:var(--ac)}.hg-q{font-weight:700;margin-bottom:4px}.hg-br div{margin:2px 0 2px 8px}.hg-tr ul{margin:2px 0 2px 14px;padding:0}.hg-tr li{margin:1px 0}.hg .cloze-inactive{font-size:0}.hg .cloze-inactive:after{content:'···';font-size:14px;color:var(--m)}</style><div class='hg hg-b'><div class=hg-f><table class=hg-t><tr><th>두문자</th><th>요건</th></tr><tr><td><span class=hg-hl>처</span></td><td>당사자가 처분할 수 있는 권리범위 내</td></tr><tr><td><span class=hg-hl>특</span></td><td>특정한 권리관계에 관한 합의</td></tr><tr><td><span class=hg-hl>예</span></td><td>합의의 법적 효과를 예견 가능</td></tr><tr><td><span class=hg-hl>불</span></td><td>특약이 불공정한 방법으로 이루어지지 않았을 것</td></tr></table></div></div>	법무사 민사소송법 2차 강조 T4	2026-09-27-민사소송법-2차-(소의이익~재소금지).md	민소-부제소특약-유효요건-처특예불
자격증::법무사::민사소송법	cloze	부제소특약의 법적 성질 '직권지' = {{c1::직권조사사항 · 권리보호이익의 흠결(위반 시 각하) · 지적의무}}	<style>.hg{--t:#1c1c1e;--m:#5f5f66;--bg:#f4f4f6;--ln:#d9d9de;--hl:#ffe9a8;--ac:#378ADD;color:var(--t);font-weight:400;text-align:left;font-size:16px;line-height:1.6;margin:8px auto 0;max-width:560px;word-break:keep-all}.nightMode .hg,.night_mode .hg{--t:#ececee;--m:#a9a9b0;--bg:#26262b;--ln:#3b3b42;--hl:#6a5410}.hg-o{--ac:#D85A30}.hg-b{--ac:#378ADD}.hg-g{--ac:#1D9E75}.hg-p{--ac:#7F77DD}.hg-a{border-left:4px solid var(--ac);background:var(--bg);border-radius:6px;padding:6px 10px;font-weight:700}.hg-f{margin:8px 0;padding:8px;border:1px solid var(--ln);border-radius:8px}.hg-w,.hg-x{font-size:14px;color:var(--m);margin-top:6px}.hg-w b,.hg-x b{margin-right:6px;font-weight:700}.hg-w b{color:var(--ac)}.hg-x b{color:#D85A30}.hg-v{display:inline-block;font-size:12px;border:1px solid var(--ln);border-radius:10px;padding:0 7px;color:var(--m);margin-top:6px}.hg-hl{background:var(--hl);border-radius:4px;padding:0 3px;font-weight:700}.hg-fl{display:flex;flex-wrap:wrap;align-items:center}.hg-fl span,.hg-fl i{margin:2px}.hg-fl .hg-e{border-style:dashed;background:none}.hg-fl span span{border:0;padding:0;margin:0;background:none}.hg-fl span{border:1px solid var(--ln);border-radius:6px;padding:2px 7px;background:var(--bg)}.hg-fl i{font-style:normal;font-size:13px;color:var(--m)}.hg-t{border-collapse:collapse;width:100%;font-size:14px}.hg-t td,.hg-t th{border:1px solid var(--ln);padding:4px 6px;vertical-align:top;text-align:left}.hg-t th{background:var(--bg);font-weight:700}.hg-tl{border-left:2px solid var(--ac);margin:2px 0 2px 6px;padding-left:10px}.hg-tl div{margin:3px 0}.hg-tl b{color:var(--ac)}.hg-q{font-weight:700;margin-bottom:4px}.hg-br div{margin:2px 0 2px 8px}.hg-tr ul{margin:2px 0 2px 14px;padding:0}.hg-tr li{margin:1px 0}.hg .cloze-inactive{font-size:0}.hg .cloze-inactive:after{content:'···';font-size:14px;color:var(--m)}</style><div class='hg hg-b'><div class=hg-f><table class=hg-t><tr><th>두문자</th><th>성질</th></tr><tr><td><span class=hg-hl>직</span></td><td>직권조사사항</td></tr><tr><td><span class=hg-hl>권</span></td><td>권리보호이익의 흠결 — 특약 위반 소는 각하</td></tr><tr><td><span class=hg-hl>지</span></td><td>지적의무</td></tr></table></div></div>	법무사 민사소송법 2차 강조 T4	2026-09-27-민사소송법-2차-(소의이익~재소금지).md	민소-부제소특약-법적성질-직권지
자격증::법무사::민사소송법	cloze	소취하계약의 법적 성질 '권항제조착취' = {{c1::권리보호이익의 흠결 · 항변사항 · 묵시적 합의해제 · 조건부 소취하계약 · 착오취소의 가부}}	<style>.hg{--t:#1c1c1e;--m:#5f5f66;--bg:#f4f4f6;--ln:#d9d9de;--hl:#ffe9a8;--ac:#378ADD;color:var(--t);font-weight:400;text-align:left;font-size:16px;line-height:1.6;margin:8px auto 0;max-width:560px;word-break:keep-all}.nightMode .hg,.night_mode .hg{--t:#ececee;--m:#a9a9b0;--bg:#26262b;--ln:#3b3b42;--hl:#6a5410}.hg-o{--ac:#D85A30}.hg-b{--ac:#378ADD}.hg-g{--ac:#1D9E75}.hg-p{--ac:#7F77DD}.hg-a{border-left:4px solid var(--ac);background:var(--bg);border-radius:6px;padding:6px 10px;font-weight:700}.hg-f{margin:8px 0;padding:8px;border:1px solid var(--ln);border-radius:8px}.hg-w,.hg-x{font-size:14px;color:var(--m);margin-top:6px}.hg-w b,.hg-x b{margin-right:6px;font-weight:700}.hg-w b{color:var(--ac)}.hg-x b{color:#D85A30}.hg-v{display:inline-block;font-size:12px;border:1px solid var(--ln);border-radius:10px;padding:0 7px;color:var(--m);margin-top:6px}.hg-hl{background:var(--hl);border-radius:4px;padding:0 3px;font-weight:700}.hg-fl{display:flex;flex-wrap:wrap;align-items:center}.hg-fl span,.hg-fl i{margin:2px}.hg-fl .hg-e{border-style:dashed;background:none}.hg-fl span span{border:0;padding:0;margin:0;background:none}.hg-fl span{border:1px solid var(--ln);border-radius:6px;padding:2px 7px;background:var(--bg)}.hg-fl i{font-style:normal;font-size:13px;color:var(--m)}.hg-t{border-collapse:collapse;width:100%;font-size:14px}.hg-t td,.hg-t th{border:1px solid var(--ln);padding:4px 6px;vertical-align:top;text-align:left}.hg-t th{background:var(--bg);font-weight:700}.hg-tl{border-left:2px solid var(--ac);margin:2px 0 2px 6px;padding-left:10px}.hg-tl div{margin:3px 0}.hg-tl b{color:var(--ac)}.hg-q{font-weight:700;margin-bottom:4px}.hg-br div{margin:2px 0 2px 8px}.hg-tr ul{margin:2px 0 2px 14px;padding:0}.hg-tr li{margin:1px 0}.hg .cloze-inactive{font-size:0}.hg .cloze-inactive:after{content:'···';font-size:14px;color:var(--m)}</style><div class='hg hg-b'><div class=hg-f><div class=hg-tr><ul><li>소취하계약<ul><li><span class=hg-hl>권</span> 권리보호이익의 흠결</li><li><span class=hg-hl>항</span> 항변사항</li><li><span class=hg-hl>제</span> 묵시적 합의해제</li><li><span class=hg-hl>조</span> 조건부 소취하계약</li><li><span class=hg-hl>착취</span> 착오취소의 가부</li></ul></li></ul></div></div></div>	법무사 민사소송법 2차 강조 T4	2026-09-27-민사소송법-2차-(소의이익~재소금지).md	민소-소취하계약-법적성질-권항제조착취
